--
-- PostgreSQL database dump
--

-- Dumped from database version 15.4
-- Dumped by pg_dump version 15.4

SET statement_timeout = 0;
SET lock_timeout = 0;
SET idle_in_transaction_session_timeout = 0;
SET client_encoding = 'UTF8';
SET standard_conforming_strings = on;
SELECT pg_catalog.set_config('search_path', '', false);
SET check_function_bodies = false;
SET xmloption = content;
SET client_min_messages = warning;
SET row_security = off;

SET default_tablespace = '';

SET default_table_access_method = heap;

--
-- Name: auth_group; Type: TABLE; Schema: public; Owner: postgres
--

CREATE TABLE public.auth_group (
    id integer NOT NULL,
    name character varying(150) NOT NULL
);


ALTER TABLE public.auth_group OWNER TO postgres;

--
-- Name: auth_group_id_seq; Type: SEQUENCE; Schema: public; Owner: postgres
--

ALTER TABLE public.auth_group ALTER COLUMN id ADD GENERATED BY DEFAULT AS IDENTITY (
    SEQUENCE NAME public.auth_group_id_seq
    START WITH 1
    INCREMENT BY 1
    NO MINVALUE
    NO MAXVALUE
    CACHE 1
);


--
-- Name: auth_group_permissions; Type: TABLE; Schema: public; Owner: postgres
--

CREATE TABLE public.auth_group_permissions (
    id bigint NOT NULL,
    group_id integer NOT NULL,
    permission_id integer NOT NULL
);


ALTER TABLE public.auth_group_permissions OWNER TO postgres;

--
-- Name: auth_group_permissions_id_seq; Type: SEQUENCE; Schema: public; Owner: postgres
--

ALTER TABLE public.auth_group_permissions ALTER COLUMN id ADD GENERATED BY DEFAULT AS IDENTITY (
    SEQUENCE NAME public.auth_group_permissions_id_seq
    START WITH 1
    INCREMENT BY 1
    NO MINVALUE
    NO MAXVALUE
    CACHE 1
);


--
-- Name: auth_permission; Type: TABLE; Schema: public; Owner: postgres
--

CREATE TABLE public.auth_permission (
    id integer NOT NULL,
    name character varying(255) NOT NULL,
    content_type_id integer NOT NULL,
    codename character varying(100) NOT NULL
);


ALTER TABLE public.auth_permission OWNER TO postgres;

--
-- Name: auth_permission_id_seq; Type: SEQUENCE; Schema: public; Owner: postgres
--

ALTER TABLE public.auth_permission ALTER COLUMN id ADD GENERATED BY DEFAULT AS IDENTITY (
    SEQUENCE NAME public.auth_permission_id_seq
    START WITH 1
    INCREMENT BY 1
    NO MINVALUE
    NO MAXVALUE
    CACHE 1
);


--
-- Name: auth_user; Type: TABLE; Schema: public; Owner: postgres
--

CREATE TABLE public.auth_user (
    id integer NOT NULL,
    password character varying(128) NOT NULL,
    last_login timestamp with time zone,
    is_superuser boolean NOT NULL,
    username character varying(150) NOT NULL,
    first_name character varying(150) NOT NULL,
    last_name character varying(150) NOT NULL,
    email character varying(254) NOT NULL,
    is_staff boolean NOT NULL,
    is_active boolean NOT NULL,
    date_joined timestamp with time zone NOT NULL
);


ALTER TABLE public.auth_user OWNER TO postgres;

--
-- Name: auth_user_groups; Type: TABLE; Schema: public; Owner: postgres
--

CREATE TABLE public.auth_user_groups (
    id bigint NOT NULL,
    user_id integer NOT NULL,
    group_id integer NOT NULL
);


ALTER TABLE public.auth_user_groups OWNER TO postgres;

--
-- Name: auth_user_groups_id_seq; Type: SEQUENCE; Schema: public; Owner: postgres
--

ALTER TABLE public.auth_user_groups ALTER COLUMN id ADD GENERATED BY DEFAULT AS IDENTITY (
    SEQUENCE NAME public.auth_user_groups_id_seq
    START WITH 1
    INCREMENT BY 1
    NO MINVALUE
    NO MAXVALUE
    CACHE 1
);


--
-- Name: auth_user_id_seq; Type: SEQUENCE; Schema: public; Owner: postgres
--

ALTER TABLE public.auth_user ALTER COLUMN id ADD GENERATED BY DEFAULT AS IDENTITY (
    SEQUENCE NAME public.auth_user_id_seq
    START WITH 1
    INCREMENT BY 1
    NO MINVALUE
    NO MAXVALUE
    CACHE 1
);


--
-- Name: auth_user_user_permissions; Type: TABLE; Schema: public; Owner: postgres
--

CREATE TABLE public.auth_user_user_permissions (
    id bigint NOT NULL,
    user_id integer NOT NULL,
    permission_id integer NOT NULL
);


ALTER TABLE public.auth_user_user_permissions OWNER TO postgres;

--
-- Name: auth_user_user_permissions_id_seq; Type: SEQUENCE; Schema: public; Owner: postgres
--

ALTER TABLE public.auth_user_user_permissions ALTER COLUMN id ADD GENERATED BY DEFAULT AS IDENTITY (
    SEQUENCE NAME public.auth_user_user_permissions_id_seq
    START WITH 1
    INCREMENT BY 1
    NO MINVALUE
    NO MAXVALUE
    CACHE 1
);


--
-- Name: band_musicband; Type: TABLE; Schema: public; Owner: postgres
--

CREATE TABLE public.band_musicband (
    register_date date,
    id bigint NOT NULL,
    name character varying(100) NOT NULL,
    date_created timestamp with time zone NOT NULL,
    url character varying(200)
);


ALTER TABLE public.band_musicband OWNER TO postgres;

--
-- Name: band_musicband_id_seq; Type: SEQUENCE; Schema: public; Owner: postgres
--

ALTER TABLE public.band_musicband ALTER COLUMN id ADD GENERATED BY DEFAULT AS IDENTITY (
    SEQUENCE NAME public.band_musicband_id_seq
    START WITH 1
    INCREMENT BY 1
    NO MINVALUE
    NO MAXVALUE
    CACHE 1
);


--
-- Name: django_admin_log; Type: TABLE; Schema: public; Owner: postgres
--

CREATE TABLE public.django_admin_log (
    id integer NOT NULL,
    action_time timestamp with time zone NOT NULL,
    object_id text,
    object_repr character varying(200) NOT NULL,
    action_flag smallint NOT NULL,
    change_message text NOT NULL,
    content_type_id integer,
    user_id integer NOT NULL,
    CONSTRAINT django_admin_log_action_flag_check CHECK ((action_flag >= 0))
);


ALTER TABLE public.django_admin_log OWNER TO postgres;

--
-- Name: django_admin_log_id_seq; Type: SEQUENCE; Schema: public; Owner: postgres
--

ALTER TABLE public.django_admin_log ALTER COLUMN id ADD GENERATED BY DEFAULT AS IDENTITY (
    SEQUENCE NAME public.django_admin_log_id_seq
    START WITH 1
    INCREMENT BY 1
    NO MINVALUE
    NO MAXVALUE
    CACHE 1
);


--
-- Name: django_content_type; Type: TABLE; Schema: public; Owner: postgres
--

CREATE TABLE public.django_content_type (
    id integer NOT NULL,
    app_label character varying(100) NOT NULL,
    model character varying(100) NOT NULL
);


ALTER TABLE public.django_content_type OWNER TO postgres;

--
-- Name: django_content_type_id_seq; Type: SEQUENCE; Schema: public; Owner: postgres
--

ALTER TABLE public.django_content_type ALTER COLUMN id ADD GENERATED BY DEFAULT AS IDENTITY (
    SEQUENCE NAME public.django_content_type_id_seq
    START WITH 1
    INCREMENT BY 1
    NO MINVALUE
    NO MAXVALUE
    CACHE 1
);


--
-- Name: django_migrations; Type: TABLE; Schema: public; Owner: postgres
--

CREATE TABLE public.django_migrations (
    id bigint NOT NULL,
    app character varying(255) NOT NULL,
    name character varying(255) NOT NULL,
    applied timestamp with time zone NOT NULL
);


ALTER TABLE public.django_migrations OWNER TO postgres;

--
-- Name: django_migrations_id_seq; Type: SEQUENCE; Schema: public; Owner: postgres
--

ALTER TABLE public.django_migrations ALTER COLUMN id ADD GENERATED BY DEFAULT AS IDENTITY (
    SEQUENCE NAME public.django_migrations_id_seq
    START WITH 1
    INCREMENT BY 1
    NO MINVALUE
    NO MAXVALUE
    CACHE 1
);


--
-- Name: django_session; Type: TABLE; Schema: public; Owner: postgres
--

CREATE TABLE public.django_session (
    session_key character varying(40) NOT NULL,
    session_data text NOT NULL,
    expire_date timestamp with time zone NOT NULL
);


ALTER TABLE public.django_session OWNER TO postgres;

--
-- Name: easy_thumbnails_source; Type: TABLE; Schema: public; Owner: postgres
--

CREATE TABLE public.easy_thumbnails_source (
    id integer NOT NULL,
    storage_hash character varying(40) NOT NULL,
    name character varying(255) NOT NULL,
    modified timestamp with time zone NOT NULL
);


ALTER TABLE public.easy_thumbnails_source OWNER TO postgres;

--
-- Name: easy_thumbnails_source_id_seq; Type: SEQUENCE; Schema: public; Owner: postgres
--

ALTER TABLE public.easy_thumbnails_source ALTER COLUMN id ADD GENERATED BY DEFAULT AS IDENTITY (
    SEQUENCE NAME public.easy_thumbnails_source_id_seq
    START WITH 1
    INCREMENT BY 1
    NO MINVALUE
    NO MAXVALUE
    CACHE 1
);


--
-- Name: easy_thumbnails_thumbnail; Type: TABLE; Schema: public; Owner: postgres
--

CREATE TABLE public.easy_thumbnails_thumbnail (
    id integer NOT NULL,
    storage_hash character varying(40) NOT NULL,
    name character varying(255) NOT NULL,
    modified timestamp with time zone NOT NULL,
    source_id integer NOT NULL
);


ALTER TABLE public.easy_thumbnails_thumbnail OWNER TO postgres;

--
-- Name: easy_thumbnails_thumbnail_id_seq; Type: SEQUENCE; Schema: public; Owner: postgres
--

ALTER TABLE public.easy_thumbnails_thumbnail ALTER COLUMN id ADD GENERATED BY DEFAULT AS IDENTITY (
    SEQUENCE NAME public.easy_thumbnails_thumbnail_id_seq
    START WITH 1
    INCREMENT BY 1
    NO MINVALUE
    NO MAXVALUE
    CACHE 1
);


--
-- Name: easy_thumbnails_thumbnaildimensions; Type: TABLE; Schema: public; Owner: postgres
--

CREATE TABLE public.easy_thumbnails_thumbnaildimensions (
    id integer NOT NULL,
    thumbnail_id integer NOT NULL,
    width integer,
    height integer,
    CONSTRAINT easy_thumbnails_thumbnaildimensions_height_check CHECK ((height >= 0)),
    CONSTRAINT easy_thumbnails_thumbnaildimensions_width_check CHECK ((width >= 0))
);


ALTER TABLE public.easy_thumbnails_thumbnaildimensions OWNER TO postgres;

--
-- Name: easy_thumbnails_thumbnaildimensions_id_seq; Type: SEQUENCE; Schema: public; Owner: postgres
--

ALTER TABLE public.easy_thumbnails_thumbnaildimensions ALTER COLUMN id ADD GENERATED BY DEFAULT AS IDENTITY (
    SEQUENCE NAME public.easy_thumbnails_thumbnaildimensions_id_seq
    START WITH 1
    INCREMENT BY 1
    NO MINVALUE
    NO MAXVALUE
    CACHE 1
);


--
-- Name: equipment_equipment; Type: TABLE; Schema: public; Owner: postgres
--

CREATE TABLE public.equipment_equipment (
    register_date timestamp with time zone NOT NULL,
    id bigint NOT NULL,
    name character varying(200) NOT NULL,
    state character varying(5) NOT NULL,
    description text,
    music_band_id bigint,
    owner_id integer NOT NULL,
    type_id character varying(100) NOT NULL
);


ALTER TABLE public.equipment_equipment OWNER TO postgres;

--
-- Name: equipment_equipment_id_seq; Type: SEQUENCE; Schema: public; Owner: postgres
--

ALTER TABLE public.equipment_equipment ALTER COLUMN id ADD GENERATED BY DEFAULT AS IDENTITY (
    SEQUENCE NAME public.equipment_equipment_id_seq
    START WITH 1
    INCREMENT BY 1
    NO MINVALUE
    NO MAXVALUE
    CACHE 1
);


--
-- Name: equipment_typeofequipment; Type: TABLE; Schema: public; Owner: postgres
--

CREATE TABLE public.equipment_typeofequipment (
    name character varying(100) NOT NULL
);


ALTER TABLE public.equipment_typeofequipment OWNER TO postgres;

--
-- Name: event_event; Type: TABLE; Schema: public; Owner: postgres
--

CREATE TABLE public.event_event (
    id bigint NOT NULL,
    name character varying(100) NOT NULL,
    start_datetime timestamp with time zone NOT NULL,
    place character varying(100) NOT NULL,
    end_datetime timestamp with time zone,
    description text,
    level character varying(1) NOT NULL,
    sponsor character varying(100)
);


ALTER TABLE public.event_event OWNER TO postgres;

--
-- Name: event_event_id_seq; Type: SEQUENCE; Schema: public; Owner: postgres
--

ALTER TABLE public.event_event ALTER COLUMN id ADD GENERATED BY DEFAULT AS IDENTITY (
    SEQUENCE NAME public.event_event_id_seq
    START WITH 1
    INCREMENT BY 1
    NO MINVALUE
    NO MAXVALUE
    CACHE 1
);


--
-- Name: event_performance; Type: TABLE; Schema: public; Owner: postgres
--

CREATE TABLE public.event_performance (
    id bigint NOT NULL,
    composition_id bigint NOT NULL,
    event_id bigint NOT NULL,
    music_band_id bigint NOT NULL
);


ALTER TABLE public.event_performance OWNER TO postgres;

--
-- Name: event_performance_artists; Type: TABLE; Schema: public; Owner: postgres
--

CREATE TABLE public.event_performance_artists (
    id bigint NOT NULL,
    performance_id bigint NOT NULL,
    user_id integer NOT NULL
);


ALTER TABLE public.event_performance_artists OWNER TO postgres;

--
-- Name: event_performance_artists_id_seq; Type: SEQUENCE; Schema: public; Owner: postgres
--

ALTER TABLE public.event_performance_artists ALTER COLUMN id ADD GENERATED BY DEFAULT AS IDENTITY (
    SEQUENCE NAME public.event_performance_artists_id_seq
    START WITH 1
    INCREMENT BY 1
    NO MINVALUE
    NO MAXVALUE
    CACHE 1
);


--
-- Name: event_performance_id_seq; Type: SEQUENCE; Schema: public; Owner: postgres
--

ALTER TABLE public.event_performance ALTER COLUMN id ADD GENERATED BY DEFAULT AS IDENTITY (
    SEQUENCE NAME public.event_performance_id_seq
    START WITH 1
    INCREMENT BY 1
    NO MINVALUE
    NO MAXVALUE
    CACHE 1
);


--
-- Name: filer_clipboard; Type: TABLE; Schema: public; Owner: postgres
--

CREATE TABLE public.filer_clipboard (
    id integer NOT NULL,
    user_id integer NOT NULL
);


ALTER TABLE public.filer_clipboard OWNER TO postgres;

--
-- Name: filer_clipboard_id_seq; Type: SEQUENCE; Schema: public; Owner: postgres
--

ALTER TABLE public.filer_clipboard ALTER COLUMN id ADD GENERATED BY DEFAULT AS IDENTITY (
    SEQUENCE NAME public.filer_clipboard_id_seq
    START WITH 1
    INCREMENT BY 1
    NO MINVALUE
    NO MAXVALUE
    CACHE 1
);


--
-- Name: filer_clipboarditem; Type: TABLE; Schema: public; Owner: postgres
--

CREATE TABLE public.filer_clipboarditem (
    id integer NOT NULL,
    clipboard_id integer NOT NULL,
    file_id integer NOT NULL
);


ALTER TABLE public.filer_clipboarditem OWNER TO postgres;

--
-- Name: filer_clipboarditem_id_seq; Type: SEQUENCE; Schema: public; Owner: postgres
--

ALTER TABLE public.filer_clipboarditem ALTER COLUMN id ADD GENERATED BY DEFAULT AS IDENTITY (
    SEQUENCE NAME public.filer_clipboarditem_id_seq
    START WITH 1
    INCREMENT BY 1
    NO MINVALUE
    NO MAXVALUE
    CACHE 1
);


--
-- Name: filer_file; Type: TABLE; Schema: public; Owner: postgres
--

CREATE TABLE public.filer_file (
    id integer NOT NULL,
    file character varying(255),
    _file_size bigint,
    sha1 character varying(40) NOT NULL,
    has_all_mandatory_data boolean NOT NULL,
    original_filename character varying(255),
    name character varying(255) NOT NULL,
    description text,
    uploaded_at timestamp with time zone NOT NULL,
    modified_at timestamp with time zone NOT NULL,
    is_public boolean NOT NULL,
    folder_id integer,
    owner_id integer,
    polymorphic_ctype_id integer,
    mime_type character varying(255) NOT NULL
);


ALTER TABLE public.filer_file OWNER TO postgres;

--
-- Name: filer_file_id_seq; Type: SEQUENCE; Schema: public; Owner: postgres
--

ALTER TABLE public.filer_file ALTER COLUMN id ADD GENERATED BY DEFAULT AS IDENTITY (
    SEQUENCE NAME public.filer_file_id_seq
    START WITH 1
    INCREMENT BY 1
    NO MINVALUE
    NO MAXVALUE
    CACHE 1
);


--
-- Name: filer_folder; Type: TABLE; Schema: public; Owner: postgres
--

CREATE TABLE public.filer_folder (
    id integer NOT NULL,
    name character varying(255) NOT NULL,
    uploaded_at timestamp with time zone NOT NULL,
    created_at timestamp with time zone NOT NULL,
    modified_at timestamp with time zone NOT NULL,
    owner_id integer,
    parent_id integer
);


ALTER TABLE public.filer_folder OWNER TO postgres;

--
-- Name: filer_folder_id_seq; Type: SEQUENCE; Schema: public; Owner: postgres
--

ALTER TABLE public.filer_folder ALTER COLUMN id ADD GENERATED BY DEFAULT AS IDENTITY (
    SEQUENCE NAME public.filer_folder_id_seq
    START WITH 1
    INCREMENT BY 1
    NO MINVALUE
    NO MAXVALUE
    CACHE 1
);


--
-- Name: filer_folderpermission; Type: TABLE; Schema: public; Owner: postgres
--

CREATE TABLE public.filer_folderpermission (
    id integer NOT NULL,
    type smallint NOT NULL,
    everybody boolean NOT NULL,
    can_edit smallint,
    can_read smallint,
    can_add_children smallint,
    folder_id integer,
    group_id integer,
    user_id integer
);


ALTER TABLE public.filer_folderpermission OWNER TO postgres;

--
-- Name: filer_folderpermission_id_seq; Type: SEQUENCE; Schema: public; Owner: postgres
--

ALTER TABLE public.filer_folderpermission ALTER COLUMN id ADD GENERATED BY DEFAULT AS IDENTITY (
    SEQUENCE NAME public.filer_folderpermission_id_seq
    START WITH 1
    INCREMENT BY 1
    NO MINVALUE
    NO MAXVALUE
    CACHE 1
);


--
-- Name: filer_image; Type: TABLE; Schema: public; Owner: postgres
--

CREATE TABLE public.filer_image (
    file_ptr_id integer NOT NULL,
    _height double precision,
    _width double precision,
    date_taken timestamp with time zone,
    default_alt_text character varying(255),
    default_caption character varying(255),
    author character varying(255),
    must_always_publish_author_credit boolean NOT NULL,
    must_always_publish_copyright boolean NOT NULL,
    subject_location character varying(64) NOT NULL,
    _transparent boolean NOT NULL
);


ALTER TABLE public.filer_image OWNER TO postgres;

--
-- Name: filer_thumbnailoption; Type: TABLE; Schema: public; Owner: postgres
--

CREATE TABLE public.filer_thumbnailoption (
    id integer NOT NULL,
    name character varying(100) NOT NULL,
    width integer NOT NULL,
    height integer NOT NULL,
    crop boolean NOT NULL,
    upscale boolean NOT NULL
);


ALTER TABLE public.filer_thumbnailoption OWNER TO postgres;

--
-- Name: filer_thumbnailoption_id_seq; Type: SEQUENCE; Schema: public; Owner: postgres
--

ALTER TABLE public.filer_thumbnailoption ALTER COLUMN id ADD GENERATED BY DEFAULT AS IDENTITY (
    SEQUENCE NAME public.filer_thumbnailoption_id_seq
    START WITH 1
    INCREMENT BY 1
    NO MINVALUE
    NO MAXVALUE
    CACHE 1
);


--
-- Name: home_genre; Type: TABLE; Schema: public; Owner: postgres
--

CREATE TABLE public.home_genre (
    name character varying(100) NOT NULL
);


ALTER TABLE public.home_genre OWNER TO postgres;

--
-- Name: home_profile; Type: TABLE; Schema: public; Owner: postgres
--

CREATE TABLE public.home_profile (
    id bigint NOT NULL,
    phone_number character varying(12) NOT NULL,
    birthday date NOT NULL,
    sex character varying(1) NOT NULL,
    about text,
    music_band_id bigint,
    photo_id integer,
    user_id integer NOT NULL
);


ALTER TABLE public.home_profile OWNER TO postgres;

--
-- Name: home_profile_genres; Type: TABLE; Schema: public; Owner: postgres
--

CREATE TABLE public.home_profile_genres (
    id bigint NOT NULL,
    profile_id bigint NOT NULL,
    genre_id character varying(100) NOT NULL
);


ALTER TABLE public.home_profile_genres OWNER TO postgres;

--
-- Name: home_profile_genres_id_seq; Type: SEQUENCE; Schema: public; Owner: postgres
--

ALTER TABLE public.home_profile_genres ALTER COLUMN id ADD GENERATED BY DEFAULT AS IDENTITY (
    SEQUENCE NAME public.home_profile_genres_id_seq
    START WITH 1
    INCREMENT BY 1
    NO MINVALUE
    NO MAXVALUE
    CACHE 1
);


--
-- Name: home_profile_id_seq; Type: SEQUENCE; Schema: public; Owner: postgres
--

ALTER TABLE public.home_profile ALTER COLUMN id ADD GENERATED BY DEFAULT AS IDENTITY (
    SEQUENCE NAME public.home_profile_id_seq
    START WITH 1
    INCREMENT BY 1
    NO MINVALUE
    NO MAXVALUE
    CACHE 1
);


--
-- Name: home_profile_skills; Type: TABLE; Schema: public; Owner: postgres
--

CREATE TABLE public.home_profile_skills (
    id bigint NOT NULL,
    profile_id bigint NOT NULL,
    skills_id character varying(100) NOT NULL
);


ALTER TABLE public.home_profile_skills OWNER TO postgres;

--
-- Name: home_profile_skills_id_seq; Type: SEQUENCE; Schema: public; Owner: postgres
--

ALTER TABLE public.home_profile_skills ALTER COLUMN id ADD GENERATED BY DEFAULT AS IDENTITY (
    SEQUENCE NAME public.home_profile_skills_id_seq
    START WITH 1
    INCREMENT BY 1
    NO MINVALUE
    NO MAXVALUE
    CACHE 1
);


--
-- Name: home_skills; Type: TABLE; Schema: public; Owner: postgres
--

CREATE TABLE public.home_skills (
    name character varying(100) NOT NULL
);


ALTER TABLE public.home_skills OWNER TO postgres;

--
-- Name: repertoire_adaptation; Type: TABLE; Schema: public; Owner: postgres
--

CREATE TABLE public.repertoire_adaptation (
    id bigint NOT NULL,
    duration interval,
    file_id integer NOT NULL,
    music_band_id bigint NOT NULL,
    original_id bigint NOT NULL
);


ALTER TABLE public.repertoire_adaptation OWNER TO postgres;

--
-- Name: repertoire_adaptation_genres; Type: TABLE; Schema: public; Owner: postgres
--

CREATE TABLE public.repertoire_adaptation_genres (
    id bigint NOT NULL,
    adaptation_id bigint NOT NULL,
    genre_id character varying(100) NOT NULL
);


ALTER TABLE public.repertoire_adaptation_genres OWNER TO postgres;

--
-- Name: repertoire_adaptation_genres_id_seq; Type: SEQUENCE; Schema: public; Owner: postgres
--

ALTER TABLE public.repertoire_adaptation_genres ALTER COLUMN id ADD GENERATED BY DEFAULT AS IDENTITY (
    SEQUENCE NAME public.repertoire_adaptation_genres_id_seq
    START WITH 1
    INCREMENT BY 1
    NO MINVALUE
    NO MAXVALUE
    CACHE 1
);


--
-- Name: repertoire_adaptation_id_seq; Type: SEQUENCE; Schema: public; Owner: postgres
--

ALTER TABLE public.repertoire_adaptation ALTER COLUMN id ADD GENERATED BY DEFAULT AS IDENTITY (
    SEQUENCE NAME public.repertoire_adaptation_id_seq
    START WITH 1
    INCREMENT BY 1
    NO MINVALUE
    NO MAXVALUE
    CACHE 1
);


--
-- Name: repertoire_musicpart; Type: TABLE; Schema: public; Owner: postgres
--

CREATE TABLE public.repertoire_musicpart (
    id bigint NOT NULL,
    adaptation_id bigint NOT NULL,
    instrument_id character varying(100) NOT NULL,
    musical_parts_id integer NOT NULL
);


ALTER TABLE public.repertoire_musicpart OWNER TO postgres;

--
-- Name: repertoire_musicpart_id_seq; Type: SEQUENCE; Schema: public; Owner: postgres
--

ALTER TABLE public.repertoire_musicpart ALTER COLUMN id ADD GENERATED BY DEFAULT AS IDENTITY (
    SEQUENCE NAME public.repertoire_musicpart_id_seq
    START WITH 1
    INCREMENT BY 1
    NO MINVALUE
    NO MAXVALUE
    CACHE 1
);


--
-- Name: repertoire_original; Type: TABLE; Schema: public; Owner: postgres
--

CREATE TABLE public.repertoire_original (
    id bigint NOT NULL,
    title character varying(100) NOT NULL,
    author character varying(100) NOT NULL,
    release_date timestamp with time zone,
    duration interval
);


ALTER TABLE public.repertoire_original OWNER TO postgres;

--
-- Name: repertoire_original_genres; Type: TABLE; Schema: public; Owner: postgres
--

CREATE TABLE public.repertoire_original_genres (
    id bigint NOT NULL,
    original_id bigint NOT NULL,
    genre_id character varying(100) NOT NULL
);


ALTER TABLE public.repertoire_original_genres OWNER TO postgres;

--
-- Name: repertoire_original_genres_id_seq; Type: SEQUENCE; Schema: public; Owner: postgres
--

ALTER TABLE public.repertoire_original_genres ALTER COLUMN id ADD GENERATED BY DEFAULT AS IDENTITY (
    SEQUENCE NAME public.repertoire_original_genres_id_seq
    START WITH 1
    INCREMENT BY 1
    NO MINVALUE
    NO MAXVALUE
    CACHE 1
);


--
-- Name: repertoire_original_id_seq; Type: SEQUENCE; Schema: public; Owner: postgres
--

ALTER TABLE public.repertoire_original ALTER COLUMN id ADD GENERATED BY DEFAULT AS IDENTITY (
    SEQUENCE NAME public.repertoire_original_id_seq
    START WITH 1
    INCREMENT BY 1
    NO MINVALUE
    NO MAXVALUE
    CACHE 1
);


--
-- Name: schedule_rehearsal; Type: TABLE; Schema: public; Owner: postgres
--

CREATE TABLE public.schedule_rehearsal (
    id bigint NOT NULL,
    start_date timestamp with time zone NOT NULL,
    place character varying(150),
    end_time timestamp with time zone,
    description text,
    music_band_id bigint NOT NULL
);


ALTER TABLE public.schedule_rehearsal OWNER TO postgres;

--
-- Name: schedule_rehearsal_id_seq; Type: SEQUENCE; Schema: public; Owner: postgres
--

ALTER TABLE public.schedule_rehearsal ALTER COLUMN id ADD GENERATED BY DEFAULT AS IDENTITY (
    SEQUENCE NAME public.schedule_rehearsal_id_seq
    START WITH 1
    INCREMENT BY 1
    NO MINVALUE
    NO MAXVALUE
    CACHE 1
);


--
-- Name: schedule_rehearsal_participants; Type: TABLE; Schema: public; Owner: postgres
--

CREATE TABLE public.schedule_rehearsal_participants (
    id bigint NOT NULL,
    rehearsal_id bigint NOT NULL,
    user_id integer NOT NULL
);


ALTER TABLE public.schedule_rehearsal_participants OWNER TO postgres;

--
-- Name: schedule_rehearsal_participants_id_seq; Type: SEQUENCE; Schema: public; Owner: postgres
--

ALTER TABLE public.schedule_rehearsal_participants ALTER COLUMN id ADD GENERATED BY DEFAULT AS IDENTITY (
    SEQUENCE NAME public.schedule_rehearsal_participants_id_seq
    START WITH 1
    INCREMENT BY 1
    NO MINVALUE
    NO MAXVALUE
    CACHE 1
);


--
-- Data for Name: auth_group; Type: TABLE DATA; Schema: public; Owner: postgres
--

COPY public.auth_group (id, name) FROM stdin;
\.


--
-- Data for Name: auth_group_permissions; Type: TABLE DATA; Schema: public; Owner: postgres
--

COPY public.auth_group_permissions (id, group_id, permission_id) FROM stdin;
\.


--
-- Data for Name: auth_permission; Type: TABLE DATA; Schema: public; Owner: postgres
--

COPY public.auth_permission (id, name, content_type_id, codename) FROM stdin;
1	Can add log entry	1	add_logentry
2	Can change log entry	1	change_logentry
3	Can delete log entry	1	delete_logentry
4	Can view log entry	1	view_logentry
5	Can add permission	2	add_permission
6	Can change permission	2	change_permission
7	Can delete permission	2	delete_permission
8	Can view permission	2	view_permission
9	Can add group	3	add_group
10	Can change group	3	change_group
11	Can delete group	3	delete_group
12	Can view group	3	view_group
13	Can add user	4	add_user
14	Can change user	4	change_user
15	Can delete user	4	delete_user
16	Can view user	4	view_user
17	Can add content type	5	add_contenttype
18	Can change content type	5	change_contenttype
19	Can delete content type	5	delete_contenttype
20	Can view content type	5	view_contenttype
21	Can add session	6	add_session
22	Can change session	6	change_session
23	Can delete session	6	delete_session
24	Can view session	6	view_session
25	Can add source	7	add_source
26	Can change source	7	change_source
27	Can delete source	7	delete_source
28	Can view source	7	view_source
29	Can add thumbnail	8	add_thumbnail
30	Can change thumbnail	8	change_thumbnail
31	Can delete thumbnail	8	delete_thumbnail
32	Can view thumbnail	8	view_thumbnail
33	Can add thumbnail dimensions	9	add_thumbnaildimensions
34	Can change thumbnail dimensions	9	change_thumbnaildimensions
35	Can delete thumbnail dimensions	9	delete_thumbnaildimensions
36	Can view thumbnail dimensions	9	view_thumbnaildimensions
37	Can add clipboard	10	add_clipboard
38	Can change clipboard	10	change_clipboard
39	Can delete clipboard	10	delete_clipboard
40	Can view clipboard	10	view_clipboard
41	Can add clipboard item	11	add_clipboarditem
42	Can change clipboard item	11	change_clipboarditem
43	Can delete clipboard item	11	delete_clipboarditem
44	Can view clipboard item	11	view_clipboarditem
45	Can add file	12	add_file
46	Can change file	12	change_file
47	Can delete file	12	delete_file
48	Can view file	12	view_file
49	Can add Folder	13	add_folder
50	Can change Folder	13	change_folder
51	Can delete Folder	13	delete_folder
52	Can view Folder	13	view_folder
53	Can use directory listing	13	can_use_directory_listing
54	Can add folder permission	14	add_folderpermission
55	Can change folder permission	14	change_folderpermission
56	Can delete folder permission	14	delete_folderpermission
57	Can view folder permission	14	view_folderpermission
58	Can add image	15	add_image
59	Can change image	15	change_image
60	Can delete image	15	delete_image
61	Can view image	15	view_image
62	Can add thumbnail option	16	add_thumbnailoption
63	Can change thumbnail option	16	change_thumbnailoption
64	Can delete thumbnail option	16	delete_thumbnailoption
65	Can view thumbnail option	16	view_thumbnailoption
66	Can add music band	17	add_musicband
67	Can change music band	17	change_musicband
68	Can delete music band	17	delete_musicband
69	Can view music band	17	view_musicband
70	Can add genre	18	add_genre
71	Can change genre	18	change_genre
72	Can delete genre	18	delete_genre
73	Can view genre	18	view_genre
74	Can add skills	19	add_skills
75	Can change skills	19	change_skills
76	Can delete skills	19	delete_skills
77	Can view skills	19	view_skills
78	Can add Профиль	20	add_profile
79	Can change Профиль	20	change_profile
80	Can delete Профиль	20	delete_profile
81	Can view Профиль	20	view_profile
82	Can add type of equipment	21	add_typeofequipment
83	Can change type of equipment	21	change_typeofequipment
84	Can delete type of equipment	21	delete_typeofequipment
85	Can view type of equipment	21	view_typeofequipment
86	Can add equipment	22	add_equipment
87	Can change equipment	22	change_equipment
88	Can delete equipment	22	delete_equipment
89	Can view equipment	22	view_equipment
90	Can add adaptation	23	add_adaptation
91	Can change adaptation	23	change_adaptation
92	Can delete adaptation	23	delete_adaptation
93	Can view adaptation	23	view_adaptation
94	Can add music part	24	add_musicpart
95	Can change music part	24	change_musicpart
96	Can delete music part	24	delete_musicpart
97	Can view music part	24	view_musicpart
98	Can add original	25	add_original
99	Can change original	25	change_original
100	Can delete original	25	delete_original
101	Can view original	25	view_original
102	Can add event	26	add_event
103	Can change event	26	change_event
104	Can delete event	26	delete_event
105	Can view event	26	view_event
106	Can add performance	27	add_performance
107	Can change performance	27	change_performance
108	Can delete performance	27	delete_performance
109	Can view performance	27	view_performance
110	Can add rehearsal	28	add_rehearsal
111	Can change rehearsal	28	change_rehearsal
112	Can delete rehearsal	28	delete_rehearsal
113	Can view rehearsal	28	view_rehearsal
\.


--
-- Data for Name: auth_user; Type: TABLE DATA; Schema: public; Owner: postgres
--

COPY public.auth_user (id, password, last_login, is_superuser, username, first_name, last_name, email, is_staff, is_active, date_joined) FROM stdin;
1	pbkdf2_sha256$600000$HSPof2r17uth3agvi22PZK$mOQA0VemW8KmUQdjnj54j6KdhUMbM1a+0yhJY9nbunU=	\N	t	luzinsan				t	t	2023-11-28 12:10:42.694529+07
\.


--
-- Data for Name: auth_user_groups; Type: TABLE DATA; Schema: public; Owner: postgres
--

COPY public.auth_user_groups (id, user_id, group_id) FROM stdin;
\.


--
-- Data for Name: auth_user_user_permissions; Type: TABLE DATA; Schema: public; Owner: postgres
--

COPY public.auth_user_user_permissions (id, user_id, permission_id) FROM stdin;
\.


--
-- Data for Name: band_musicband; Type: TABLE DATA; Schema: public; Owner: postgres
--

COPY public.band_musicband (register_date, id, name, date_created, url) FROM stdin;
\.


--
-- Data for Name: django_admin_log; Type: TABLE DATA; Schema: public; Owner: postgres
--

COPY public.django_admin_log (id, action_time, object_id, object_repr, action_flag, change_message, content_type_id, user_id) FROM stdin;
\.


--
-- Data for Name: django_content_type; Type: TABLE DATA; Schema: public; Owner: postgres
--

COPY public.django_content_type (id, app_label, model) FROM stdin;
1	admin	logentry
2	auth	permission
3	auth	group
4	auth	user
5	contenttypes	contenttype
6	sessions	session
7	easy_thumbnails	source
8	easy_thumbnails	thumbnail
9	easy_thumbnails	thumbnaildimensions
10	filer	clipboard
11	filer	clipboarditem
12	filer	file
13	filer	folder
14	filer	folderpermission
15	filer	image
16	filer	thumbnailoption
17	band	musicband
18	home	genre
19	home	skills
20	home	profile
21	equipment	typeofequipment
22	equipment	equipment
23	repertoire	adaptation
24	repertoire	musicpart
25	repertoire	original
26	event	event
27	event	performance
28	schedule	rehearsal
\.


--
-- Data for Name: django_migrations; Type: TABLE DATA; Schema: public; Owner: postgres
--

COPY public.django_migrations (id, app, name, applied) FROM stdin;
1	contenttypes	0001_initial	2023-11-28 12:10:22.276585+07
2	auth	0001_initial	2023-11-28 12:10:22.397994+07
3	admin	0001_initial	2023-11-28 12:10:22.439599+07
4	admin	0002_logentry_remove_auto_add	2023-11-28 12:10:22.454737+07
5	admin	0003_logentry_add_action_flag_choices	2023-11-28 12:10:22.465888+07
6	contenttypes	0002_remove_content_type_name	2023-11-28 12:10:22.47716+07
7	auth	0002_alter_permission_name_max_length	2023-11-28 12:10:22.484975+07
8	auth	0003_alter_user_email_max_length	2023-11-28 12:10:22.493145+07
9	auth	0004_alter_user_username_opts	2023-11-28 12:10:22.501253+07
10	auth	0005_alter_user_last_login_null	2023-11-28 12:10:22.509218+07
11	auth	0006_require_contenttypes_0002	2023-11-28 12:10:22.513156+07
12	auth	0007_alter_validators_add_error_messages	2023-11-28 12:10:22.520233+07
13	auth	0008_alter_user_username_max_length	2023-11-28 12:10:22.532451+07
14	auth	0009_alter_user_last_name_max_length	2023-11-28 12:10:22.539606+07
15	auth	0010_alter_group_name_max_length	2023-11-28 12:10:22.54692+07
16	auth	0011_update_proxy_permissions	2023-11-28 12:10:22.553137+07
17	auth	0012_alter_user_first_name_max_length	2023-11-28 12:10:22.560213+07
18	band	0001_initial	2023-11-28 12:10:22.580748+07
19	easy_thumbnails	0001_initial	2023-11-28 12:10:22.659591+07
20	easy_thumbnails	0002_thumbnaildimensions	2023-11-28 12:10:22.684834+07
21	equipment	0001_initial	2023-11-28 12:10:22.752485+07
22	filer	0001_initial	2023-11-28 12:10:22.964482+07
23	home	0001_initial	2023-11-28 12:10:23.101423+07
24	filer	0002_auto_20150606_2003	2023-11-28 12:10:23.123666+07
25	filer	0003_thumbnailoption	2023-11-28 12:10:23.133929+07
26	filer	0004_auto_20160328_1434	2023-11-28 12:10:23.148946+07
27	filer	0005_auto_20160623_1425	2023-11-28 12:10:23.176229+07
28	filer	0006_auto_20160623_1627	2023-11-28 12:10:23.193068+07
29	filer	0007_auto_20161016_1055	2023-11-28 12:10:23.202239+07
30	filer	0008_auto_20171117_1313	2023-11-28 12:10:23.214105+07
31	filer	0009_auto_20171220_1635	2023-11-28 12:10:23.248758+07
32	filer	0010_auto_20180414_2058	2023-11-28 12:10:23.267311+07
33	filer	0011_auto_20190418_0137	2023-11-28 12:10:23.307331+07
34	filer	0012_file_mime_type	2023-11-28 12:10:23.330248+07
35	filer	0013_image_width_height_to_float	2023-11-28 12:10:23.362208+07
36	filer	0014_folder_permission_choices	2023-11-28 12:10:23.384605+07
37	filer	0015_alter_file_owner_alter_file_polymorphic_ctype_and_more	2023-11-28 12:10:23.412936+07
38	filer	0016_alter_folder_index_together_remove_folder_level_and_more	2023-11-28 12:10:23.450228+07
39	filer	0017_image__transparent	2023-11-28 12:10:23.459726+07
40	repertoire	0001_initial	2023-11-28 12:10:23.682081+07
41	event	0001_initial	2023-11-28 12:10:23.746489+07
42	event	0002_initial	2023-11-28 12:10:23.829824+07
43	schedule	0001_initial	2023-11-28 12:10:23.898192+07
44	sessions	0001_initial	2023-11-28 12:10:23.926945+07
\.


--
-- Data for Name: django_session; Type: TABLE DATA; Schema: public; Owner: postgres
--

COPY public.django_session (session_key, session_data, expire_date) FROM stdin;
\.


--
-- Data for Name: easy_thumbnails_source; Type: TABLE DATA; Schema: public; Owner: postgres
--

COPY public.easy_thumbnails_source (id, storage_hash, name, modified) FROM stdin;
\.


--
-- Data for Name: easy_thumbnails_thumbnail; Type: TABLE DATA; Schema: public; Owner: postgres
--

COPY public.easy_thumbnails_thumbnail (id, storage_hash, name, modified, source_id) FROM stdin;
\.


--
-- Data for Name: easy_thumbnails_thumbnaildimensions; Type: TABLE DATA; Schema: public; Owner: postgres
--

COPY public.easy_thumbnails_thumbnaildimensions (id, thumbnail_id, width, height) FROM stdin;
\.


--
-- Data for Name: equipment_equipment; Type: TABLE DATA; Schema: public; Owner: postgres
--

COPY public.equipment_equipment (register_date, id, name, state, description, music_band_id, owner_id, type_id) FROM stdin;
\.


--
-- Data for Name: equipment_typeofequipment; Type: TABLE DATA; Schema: public; Owner: postgres
--

COPY public.equipment_typeofequipment (name) FROM stdin;
\.


--
-- Data for Name: event_event; Type: TABLE DATA; Schema: public; Owner: postgres
--

COPY public.event_event (id, name, start_datetime, place, end_datetime, description, level, sponsor) FROM stdin;
\.


--
-- Data for Name: event_performance; Type: TABLE DATA; Schema: public; Owner: postgres
--

COPY public.event_performance (id, composition_id, event_id, music_band_id) FROM stdin;
\.


--
-- Data for Name: event_performance_artists; Type: TABLE DATA; Schema: public; Owner: postgres
--

COPY public.event_performance_artists (id, performance_id, user_id) FROM stdin;
\.


--
-- Data for Name: filer_clipboard; Type: TABLE DATA; Schema: public; Owner: postgres
--

COPY public.filer_clipboard (id, user_id) FROM stdin;
\.


--
-- Data for Name: filer_clipboarditem; Type: TABLE DATA; Schema: public; Owner: postgres
--

COPY public.filer_clipboarditem (id, clipboard_id, file_id) FROM stdin;
\.


--
-- Data for Name: filer_file; Type: TABLE DATA; Schema: public; Owner: postgres
--

COPY public.filer_file (id, file, _file_size, sha1, has_all_mandatory_data, original_filename, name, description, uploaded_at, modified_at, is_public, folder_id, owner_id, polymorphic_ctype_id, mime_type) FROM stdin;
\.


--
-- Data for Name: filer_folder; Type: TABLE DATA; Schema: public; Owner: postgres
--

COPY public.filer_folder (id, name, uploaded_at, created_at, modified_at, owner_id, parent_id) FROM stdin;
\.


--
-- Data for Name: filer_folderpermission; Type: TABLE DATA; Schema: public; Owner: postgres
--

COPY public.filer_folderpermission (id, type, everybody, can_edit, can_read, can_add_children, folder_id, group_id, user_id) FROM stdin;
\.


--
-- Data for Name: filer_image; Type: TABLE DATA; Schema: public; Owner: postgres
--

COPY public.filer_image (file_ptr_id, _height, _width, date_taken, default_alt_text, default_caption, author, must_always_publish_author_credit, must_always_publish_copyright, subject_location, _transparent) FROM stdin;
\.


--
-- Data for Name: filer_thumbnailoption; Type: TABLE DATA; Schema: public; Owner: postgres
--

COPY public.filer_thumbnailoption (id, name, width, height, crop, upscale) FROM stdin;
\.


--
-- Data for Name: home_genre; Type: TABLE DATA; Schema: public; Owner: postgres
--

COPY public.home_genre (name) FROM stdin;
\.


--
-- Data for Name: home_profile; Type: TABLE DATA; Schema: public; Owner: postgres
--

COPY public.home_profile (id, phone_number, birthday, sex, about, music_band_id, photo_id, user_id) FROM stdin;
\.


--
-- Data for Name: home_profile_genres; Type: TABLE DATA; Schema: public; Owner: postgres
--

COPY public.home_profile_genres (id, profile_id, genre_id) FROM stdin;
\.


--
-- Data for Name: home_profile_skills; Type: TABLE DATA; Schema: public; Owner: postgres
--

COPY public.home_profile_skills (id, profile_id, skills_id) FROM stdin;
\.


--
-- Data for Name: home_skills; Type: TABLE DATA; Schema: public; Owner: postgres
--

COPY public.home_skills (name) FROM stdin;
\.


--
-- Data for Name: repertoire_adaptation; Type: TABLE DATA; Schema: public; Owner: postgres
--

COPY public.repertoire_adaptation (id, duration, file_id, music_band_id, original_id) FROM stdin;
\.


--
-- Data for Name: repertoire_adaptation_genres; Type: TABLE DATA; Schema: public; Owner: postgres
--

COPY public.repertoire_adaptation_genres (id, adaptation_id, genre_id) FROM stdin;
\.


--
-- Data for Name: repertoire_musicpart; Type: TABLE DATA; Schema: public; Owner: postgres
--

COPY public.repertoire_musicpart (id, adaptation_id, instrument_id, musical_parts_id) FROM stdin;
\.


--
-- Data for Name: repertoire_original; Type: TABLE DATA; Schema: public; Owner: postgres
--

COPY public.repertoire_original (id, title, author, release_date, duration) FROM stdin;
\.


--
-- Data for Name: repertoire_original_genres; Type: TABLE DATA; Schema: public; Owner: postgres
--

COPY public.repertoire_original_genres (id, original_id, genre_id) FROM stdin;
\.


--
-- Data for Name: schedule_rehearsal; Type: TABLE DATA; Schema: public; Owner: postgres
--

COPY public.schedule_rehearsal (id, start_date, place, end_time, description, music_band_id) FROM stdin;
\.


--
-- Data for Name: schedule_rehearsal_participants; Type: TABLE DATA; Schema: public; Owner: postgres
--

COPY public.schedule_rehearsal_participants (id, rehearsal_id, user_id) FROM stdin;
\.


--
-- Name: auth_group_id_seq; Type: SEQUENCE SET; Schema: public; Owner: postgres
--

SELECT pg_catalog.setval('public.auth_group_id_seq', 1, false);


--
-- Name: auth_group_permissions_id_seq; Type: SEQUENCE SET; Schema: public; Owner: postgres
--

SELECT pg_catalog.setval('public.auth_group_permissions_id_seq', 1, false);


--
-- Name: auth_permission_id_seq; Type: SEQUENCE SET; Schema: public; Owner: postgres
--

SELECT pg_catalog.setval('public.auth_permission_id_seq', 113, true);


--
-- Name: auth_user_groups_id_seq; Type: SEQUENCE SET; Schema: public; Owner: postgres
--

SELECT pg_catalog.setval('public.auth_user_groups_id_seq', 1, false);


--
-- Name: auth_user_id_seq; Type: SEQUENCE SET; Schema: public; Owner: postgres
--

SELECT pg_catalog.setval('public.auth_user_id_seq', 1, true);


--
-- Name: auth_user_user_permissions_id_seq; Type: SEQUENCE SET; Schema: public; Owner: postgres
--

SELECT pg_catalog.setval('public.auth_user_user_permissions_id_seq', 1, false);


--
-- Name: band_musicband_id_seq; Type: SEQUENCE SET; Schema: public; Owner: postgres
--

SELECT pg_catalog.setval('public.band_musicband_id_seq', 1, false);


--
-- Name: django_admin_log_id_seq; Type: SEQUENCE SET; Schema: public; Owner: postgres
--

SELECT pg_catalog.setval('public.django_admin_log_id_seq', 1, false);


--
-- Name: django_content_type_id_seq; Type: SEQUENCE SET; Schema: public; Owner: postgres
--

SELECT pg_catalog.setval('public.django_content_type_id_seq', 28, true);


--
-- Name: django_migrations_id_seq; Type: SEQUENCE SET; Schema: public; Owner: postgres
--

SELECT pg_catalog.setval('public.django_migrations_id_seq', 44, true);


--
-- Name: easy_thumbnails_source_id_seq; Type: SEQUENCE SET; Schema: public; Owner: postgres
--

SELECT pg_catalog.setval('public.easy_thumbnails_source_id_seq', 1, false);


--
-- Name: easy_thumbnails_thumbnail_id_seq; Type: SEQUENCE SET; Schema: public; Owner: postgres
--

SELECT pg_catalog.setval('public.easy_thumbnails_thumbnail_id_seq', 1, false);


--
-- Name: easy_thumbnails_thumbnaildimensions_id_seq; Type: SEQUENCE SET; Schema: public; Owner: postgres
--

SELECT pg_catalog.setval('public.easy_thumbnails_thumbnaildimensions_id_seq', 1, false);


--
-- Name: equipment_equipment_id_seq; Type: SEQUENCE SET; Schema: public; Owner: postgres
--

SELECT pg_catalog.setval('public.equipment_equipment_id_seq', 1, false);


--
-- Name: event_event_id_seq; Type: SEQUENCE SET; Schema: public; Owner: postgres
--

SELECT pg_catalog.setval('public.event_event_id_seq', 1, false);


--
-- Name: event_performance_artists_id_seq; Type: SEQUENCE SET; Schema: public; Owner: postgres
--

SELECT pg_catalog.setval('public.event_performance_artists_id_seq', 1, false);


--
-- Name: event_performance_id_seq; Type: SEQUENCE SET; Schema: public; Owner: postgres
--

SELECT pg_catalog.setval('public.event_performance_id_seq', 1, false);


--
-- Name: filer_clipboard_id_seq; Type: SEQUENCE SET; Schema: public; Owner: postgres
--

SELECT pg_catalog.setval('public.filer_clipboard_id_seq', 1, false);


--
-- Name: filer_clipboarditem_id_seq; Type: SEQUENCE SET; Schema: public; Owner: postgres
--

SELECT pg_catalog.setval('public.filer_clipboarditem_id_seq', 1, false);


--
-- Name: filer_file_id_seq; Type: SEQUENCE SET; Schema: public; Owner: postgres
--

SELECT pg_catalog.setval('public.filer_file_id_seq', 1, false);


--
-- Name: filer_folder_id_seq; Type: SEQUENCE SET; Schema: public; Owner: postgres
--

SELECT pg_catalog.setval('public.filer_folder_id_seq', 1, false);


--
-- Name: filer_folderpermission_id_seq; Type: SEQUENCE SET; Schema: public; Owner: postgres
--

SELECT pg_catalog.setval('public.filer_folderpermission_id_seq', 1, false);


--
-- Name: filer_thumbnailoption_id_seq; Type: SEQUENCE SET; Schema: public; Owner: postgres
--

SELECT pg_catalog.setval('public.filer_thumbnailoption_id_seq', 1, false);


--
-- Name: home_profile_genres_id_seq; Type: SEQUENCE SET; Schema: public; Owner: postgres
--

SELECT pg_catalog.setval('public.home_profile_genres_id_seq', 1, false);


--
-- Name: home_profile_id_seq; Type: SEQUENCE SET; Schema: public; Owner: postgres
--

SELECT pg_catalog.setval('public.home_profile_id_seq', 1, false);


--
-- Name: home_profile_skills_id_seq; Type: SEQUENCE SET; Schema: public; Owner: postgres
--

SELECT pg_catalog.setval('public.home_profile_skills_id_seq', 1, false);


--
-- Name: repertoire_adaptation_genres_id_seq; Type: SEQUENCE SET; Schema: public; Owner: postgres
--

SELECT pg_catalog.setval('public.repertoire_adaptation_genres_id_seq', 1, false);


--
-- Name: repertoire_adaptation_id_seq; Type: SEQUENCE SET; Schema: public; Owner: postgres
--

SELECT pg_catalog.setval('public.repertoire_adaptation_id_seq', 1, false);


--
-- Name: repertoire_musicpart_id_seq; Type: SEQUENCE SET; Schema: public; Owner: postgres
--

SELECT pg_catalog.setval('public.repertoire_musicpart_id_seq', 1, false);


--
-- Name: repertoire_original_genres_id_seq; Type: SEQUENCE SET; Schema: public; Owner: postgres
--

SELECT pg_catalog.setval('public.repertoire_original_genres_id_seq', 1, false);


--
-- Name: repertoire_original_id_seq; Type: SEQUENCE SET; Schema: public; Owner: postgres
--

SELECT pg_catalog.setval('public.repertoire_original_id_seq', 1, false);


--
-- Name: schedule_rehearsal_id_seq; Type: SEQUENCE SET; Schema: public; Owner: postgres
--

SELECT pg_catalog.setval('public.schedule_rehearsal_id_seq', 1, false);


--
-- Name: schedule_rehearsal_participants_id_seq; Type: SEQUENCE SET; Schema: public; Owner: postgres
--

SELECT pg_catalog.setval('public.schedule_rehearsal_participants_id_seq', 1, false);


--
-- Name: auth_group auth_group_name_key; Type: CONSTRAINT; Schema: public; Owner: postgres
--

ALTER TABLE ONLY public.auth_group
    ADD CONSTRAINT auth_group_name_key UNIQUE (name);


--
-- Name: auth_group_permissions auth_group_permissions_group_id_permission_id_0cd325b0_uniq; Type: CONSTRAINT; Schema: public; Owner: postgres
--

ALTER TABLE ONLY public.auth_group_permissions
    ADD CONSTRAINT auth_group_permissions_group_id_permission_id_0cd325b0_uniq UNIQUE (group_id, permission_id);


--
-- Name: auth_group_permissions auth_group_permissions_pkey; Type: CONSTRAINT; Schema: public; Owner: postgres
--

ALTER TABLE ONLY public.auth_group_permissions
    ADD CONSTRAINT auth_group_permissions_pkey PRIMARY KEY (id);


--
-- Name: auth_group auth_group_pkey; Type: CONSTRAINT; Schema: public; Owner: postgres
--

ALTER TABLE ONLY public.auth_group
    ADD CONSTRAINT auth_group_pkey PRIMARY KEY (id);


--
-- Name: auth_permission auth_permission_content_type_id_codename_01ab375a_uniq; Type: CONSTRAINT; Schema: public; Owner: postgres
--

ALTER TABLE ONLY public.auth_permission
    ADD CONSTRAINT auth_permission_content_type_id_codename_01ab375a_uniq UNIQUE (content_type_id, codename);


--
-- Name: auth_permission auth_permission_pkey; Type: CONSTRAINT; Schema: public; Owner: postgres
--

ALTER TABLE ONLY public.auth_permission
    ADD CONSTRAINT auth_permission_pkey PRIMARY KEY (id);


--
-- Name: auth_user_groups auth_user_groups_pkey; Type: CONSTRAINT; Schema: public; Owner: postgres
--

ALTER TABLE ONLY public.auth_user_groups
    ADD CONSTRAINT auth_user_groups_pkey PRIMARY KEY (id);


--
-- Name: auth_user_groups auth_user_groups_user_id_group_id_94350c0c_uniq; Type: CONSTRAINT; Schema: public; Owner: postgres
--

ALTER TABLE ONLY public.auth_user_groups
    ADD CONSTRAINT auth_user_groups_user_id_group_id_94350c0c_uniq UNIQUE (user_id, group_id);


--
-- Name: auth_user auth_user_pkey; Type: CONSTRAINT; Schema: public; Owner: postgres
--

ALTER TABLE ONLY public.auth_user
    ADD CONSTRAINT auth_user_pkey PRIMARY KEY (id);


--
-- Name: auth_user_user_permissions auth_user_user_permissions_pkey; Type: CONSTRAINT; Schema: public; Owner: postgres
--

ALTER TABLE ONLY public.auth_user_user_permissions
    ADD CONSTRAINT auth_user_user_permissions_pkey PRIMARY KEY (id);


--
-- Name: auth_user_user_permissions auth_user_user_permissions_user_id_permission_id_14a6b632_uniq; Type: CONSTRAINT; Schema: public; Owner: postgres
--

ALTER TABLE ONLY public.auth_user_user_permissions
    ADD CONSTRAINT auth_user_user_permissions_user_id_permission_id_14a6b632_uniq UNIQUE (user_id, permission_id);


--
-- Name: auth_user auth_user_username_key; Type: CONSTRAINT; Schema: public; Owner: postgres
--

ALTER TABLE ONLY public.auth_user
    ADD CONSTRAINT auth_user_username_key UNIQUE (username);


--
-- Name: band_musicband band_musicband_name_key; Type: CONSTRAINT; Schema: public; Owner: postgres
--

ALTER TABLE ONLY public.band_musicband
    ADD CONSTRAINT band_musicband_name_key UNIQUE (name);


--
-- Name: band_musicband band_musicband_pkey; Type: CONSTRAINT; Schema: public; Owner: postgres
--

ALTER TABLE ONLY public.band_musicband
    ADD CONSTRAINT band_musicband_pkey PRIMARY KEY (id);


--
-- Name: django_admin_log django_admin_log_pkey; Type: CONSTRAINT; Schema: public; Owner: postgres
--

ALTER TABLE ONLY public.django_admin_log
    ADD CONSTRAINT django_admin_log_pkey PRIMARY KEY (id);


--
-- Name: django_content_type django_content_type_app_label_model_76bd3d3b_uniq; Type: CONSTRAINT; Schema: public; Owner: postgres
--

ALTER TABLE ONLY public.django_content_type
    ADD CONSTRAINT django_content_type_app_label_model_76bd3d3b_uniq UNIQUE (app_label, model);


--
-- Name: django_content_type django_content_type_pkey; Type: CONSTRAINT; Schema: public; Owner: postgres
--

ALTER TABLE ONLY public.django_content_type
    ADD CONSTRAINT django_content_type_pkey PRIMARY KEY (id);


--
-- Name: django_migrations django_migrations_pkey; Type: CONSTRAINT; Schema: public; Owner: postgres
--

ALTER TABLE ONLY public.django_migrations
    ADD CONSTRAINT django_migrations_pkey PRIMARY KEY (id);


--
-- Name: django_session django_session_pkey; Type: CONSTRAINT; Schema: public; Owner: postgres
--

ALTER TABLE ONLY public.django_session
    ADD CONSTRAINT django_session_pkey PRIMARY KEY (session_key);


--
-- Name: easy_thumbnails_source easy_thumbnails_source_pkey; Type: CONSTRAINT; Schema: public; Owner: postgres
--

ALTER TABLE ONLY public.easy_thumbnails_source
    ADD CONSTRAINT easy_thumbnails_source_pkey PRIMARY KEY (id);


--
-- Name: easy_thumbnails_source easy_thumbnails_source_storage_hash_name_481ce32d_uniq; Type: CONSTRAINT; Schema: public; Owner: postgres
--

ALTER TABLE ONLY public.easy_thumbnails_source
    ADD CONSTRAINT easy_thumbnails_source_storage_hash_name_481ce32d_uniq UNIQUE (storage_hash, name);


--
-- Name: easy_thumbnails_thumbnail easy_thumbnails_thumbnai_storage_hash_name_source_fb375270_uniq; Type: CONSTRAINT; Schema: public; Owner: postgres
--

ALTER TABLE ONLY public.easy_thumbnails_thumbnail
    ADD CONSTRAINT easy_thumbnails_thumbnai_storage_hash_name_source_fb375270_uniq UNIQUE (storage_hash, name, source_id);


--
-- Name: easy_thumbnails_thumbnail easy_thumbnails_thumbnail_pkey; Type: CONSTRAINT; Schema: public; Owner: postgres
--

ALTER TABLE ONLY public.easy_thumbnails_thumbnail
    ADD CONSTRAINT easy_thumbnails_thumbnail_pkey PRIMARY KEY (id);


--
-- Name: easy_thumbnails_thumbnaildimensions easy_thumbnails_thumbnaildimensions_pkey; Type: CONSTRAINT; Schema: public; Owner: postgres
--

ALTER TABLE ONLY public.easy_thumbnails_thumbnaildimensions
    ADD CONSTRAINT easy_thumbnails_thumbnaildimensions_pkey PRIMARY KEY (id);


--
-- Name: easy_thumbnails_thumbnaildimensions easy_thumbnails_thumbnaildimensions_thumbnail_id_key; Type: CONSTRAINT; Schema: public; Owner: postgres
--

ALTER TABLE ONLY public.easy_thumbnails_thumbnaildimensions
    ADD CONSTRAINT easy_thumbnails_thumbnaildimensions_thumbnail_id_key UNIQUE (thumbnail_id);


--
-- Name: equipment_equipment equipment_equipment_pkey; Type: CONSTRAINT; Schema: public; Owner: postgres
--

ALTER TABLE ONLY public.equipment_equipment
    ADD CONSTRAINT equipment_equipment_pkey PRIMARY KEY (id);


--
-- Name: equipment_typeofequipment equipment_typeofequipment_pkey; Type: CONSTRAINT; Schema: public; Owner: postgres
--

ALTER TABLE ONLY public.equipment_typeofequipment
    ADD CONSTRAINT equipment_typeofequipment_pkey PRIMARY KEY (name);


--
-- Name: event_event event_event_pkey; Type: CONSTRAINT; Schema: public; Owner: postgres
--

ALTER TABLE ONLY public.event_event
    ADD CONSTRAINT event_event_pkey PRIMARY KEY (id);


--
-- Name: event_performance_artists event_performance_artists_performance_id_user_id_c017d5c5_uniq; Type: CONSTRAINT; Schema: public; Owner: postgres
--

ALTER TABLE ONLY public.event_performance_artists
    ADD CONSTRAINT event_performance_artists_performance_id_user_id_c017d5c5_uniq UNIQUE (performance_id, user_id);


--
-- Name: event_performance_artists event_performance_artists_pkey; Type: CONSTRAINT; Schema: public; Owner: postgres
--

ALTER TABLE ONLY public.event_performance_artists
    ADD CONSTRAINT event_performance_artists_pkey PRIMARY KEY (id);


--
-- Name: event_performance event_performance_pkey; Type: CONSTRAINT; Schema: public; Owner: postgres
--

ALTER TABLE ONLY public.event_performance
    ADD CONSTRAINT event_performance_pkey PRIMARY KEY (id);


--
-- Name: filer_clipboard filer_clipboard_pkey; Type: CONSTRAINT; Schema: public; Owner: postgres
--

ALTER TABLE ONLY public.filer_clipboard
    ADD CONSTRAINT filer_clipboard_pkey PRIMARY KEY (id);


--
-- Name: filer_clipboarditem filer_clipboarditem_pkey; Type: CONSTRAINT; Schema: public; Owner: postgres
--

ALTER TABLE ONLY public.filer_clipboarditem
    ADD CONSTRAINT filer_clipboarditem_pkey PRIMARY KEY (id);


--
-- Name: filer_file filer_file_pkey; Type: CONSTRAINT; Schema: public; Owner: postgres
--

ALTER TABLE ONLY public.filer_file
    ADD CONSTRAINT filer_file_pkey PRIMARY KEY (id);


--
-- Name: filer_folder filer_folder_parent_id_name_bc773258_uniq; Type: CONSTRAINT; Schema: public; Owner: postgres
--

ALTER TABLE ONLY public.filer_folder
    ADD CONSTRAINT filer_folder_parent_id_name_bc773258_uniq UNIQUE (parent_id, name);


--
-- Name: filer_folder filer_folder_pkey; Type: CONSTRAINT; Schema: public; Owner: postgres
--

ALTER TABLE ONLY public.filer_folder
    ADD CONSTRAINT filer_folder_pkey PRIMARY KEY (id);


--
-- Name: filer_folderpermission filer_folderpermission_pkey; Type: CONSTRAINT; Schema: public; Owner: postgres
--

ALTER TABLE ONLY public.filer_folderpermission
    ADD CONSTRAINT filer_folderpermission_pkey PRIMARY KEY (id);


--
-- Name: filer_image filer_image_pkey; Type: CONSTRAINT; Schema: public; Owner: postgres
--

ALTER TABLE ONLY public.filer_image
    ADD CONSTRAINT filer_image_pkey PRIMARY KEY (file_ptr_id);


--
-- Name: filer_thumbnailoption filer_thumbnailoption_pkey; Type: CONSTRAINT; Schema: public; Owner: postgres
--

ALTER TABLE ONLY public.filer_thumbnailoption
    ADD CONSTRAINT filer_thumbnailoption_pkey PRIMARY KEY (id);


--
-- Name: home_genre home_genre_pkey; Type: CONSTRAINT; Schema: public; Owner: postgres
--

ALTER TABLE ONLY public.home_genre
    ADD CONSTRAINT home_genre_pkey PRIMARY KEY (name);


--
-- Name: home_profile_genres home_profile_genres_pkey; Type: CONSTRAINT; Schema: public; Owner: postgres
--

ALTER TABLE ONLY public.home_profile_genres
    ADD CONSTRAINT home_profile_genres_pkey PRIMARY KEY (id);


--
-- Name: home_profile_genres home_profile_genres_profile_id_genre_id_32b21203_uniq; Type: CONSTRAINT; Schema: public; Owner: postgres
--

ALTER TABLE ONLY public.home_profile_genres
    ADD CONSTRAINT home_profile_genres_profile_id_genre_id_32b21203_uniq UNIQUE (profile_id, genre_id);


--
-- Name: home_profile home_profile_pkey; Type: CONSTRAINT; Schema: public; Owner: postgres
--

ALTER TABLE ONLY public.home_profile
    ADD CONSTRAINT home_profile_pkey PRIMARY KEY (id);


--
-- Name: home_profile_skills home_profile_skills_pkey; Type: CONSTRAINT; Schema: public; Owner: postgres
--

ALTER TABLE ONLY public.home_profile_skills
    ADD CONSTRAINT home_profile_skills_pkey PRIMARY KEY (id);


--
-- Name: home_profile_skills home_profile_skills_profile_id_skills_id_cbc9336b_uniq; Type: CONSTRAINT; Schema: public; Owner: postgres
--

ALTER TABLE ONLY public.home_profile_skills
    ADD CONSTRAINT home_profile_skills_profile_id_skills_id_cbc9336b_uniq UNIQUE (profile_id, skills_id);


--
-- Name: home_profile home_profile_user_id_key; Type: CONSTRAINT; Schema: public; Owner: postgres
--

ALTER TABLE ONLY public.home_profile
    ADD CONSTRAINT home_profile_user_id_key UNIQUE (user_id);


--
-- Name: home_skills home_skills_pkey; Type: CONSTRAINT; Schema: public; Owner: postgres
--

ALTER TABLE ONLY public.home_skills
    ADD CONSTRAINT home_skills_pkey PRIMARY KEY (name);


--
-- Name: repertoire_adaptation_genres repertoire_adaptation_ge_adaptation_id_genre_id_e8d10621_uniq; Type: CONSTRAINT; Schema: public; Owner: postgres
--

ALTER TABLE ONLY public.repertoire_adaptation_genres
    ADD CONSTRAINT repertoire_adaptation_ge_adaptation_id_genre_id_e8d10621_uniq UNIQUE (adaptation_id, genre_id);


--
-- Name: repertoire_adaptation_genres repertoire_adaptation_genres_pkey; Type: CONSTRAINT; Schema: public; Owner: postgres
--

ALTER TABLE ONLY public.repertoire_adaptation_genres
    ADD CONSTRAINT repertoire_adaptation_genres_pkey PRIMARY KEY (id);


--
-- Name: repertoire_adaptation repertoire_adaptation_pkey; Type: CONSTRAINT; Schema: public; Owner: postgres
--

ALTER TABLE ONLY public.repertoire_adaptation
    ADD CONSTRAINT repertoire_adaptation_pkey PRIMARY KEY (id);


--
-- Name: repertoire_musicpart repertoire_musicpart_pkey; Type: CONSTRAINT; Schema: public; Owner: postgres
--

ALTER TABLE ONLY public.repertoire_musicpart
    ADD CONSTRAINT repertoire_musicpart_pkey PRIMARY KEY (id);


--
-- Name: repertoire_original_genres repertoire_original_genres_original_id_genre_id_43c5930f_uniq; Type: CONSTRAINT; Schema: public; Owner: postgres
--

ALTER TABLE ONLY public.repertoire_original_genres
    ADD CONSTRAINT repertoire_original_genres_original_id_genre_id_43c5930f_uniq UNIQUE (original_id, genre_id);


--
-- Name: repertoire_original_genres repertoire_original_genres_pkey; Type: CONSTRAINT; Schema: public; Owner: postgres
--

ALTER TABLE ONLY public.repertoire_original_genres
    ADD CONSTRAINT repertoire_original_genres_pkey PRIMARY KEY (id);


--
-- Name: repertoire_original repertoire_original_pkey; Type: CONSTRAINT; Schema: public; Owner: postgres
--

ALTER TABLE ONLY public.repertoire_original
    ADD CONSTRAINT repertoire_original_pkey PRIMARY KEY (id);


--
-- Name: schedule_rehearsal_participants schedule_rehearsal_parti_rehearsal_id_user_id_672dd7d8_uniq; Type: CONSTRAINT; Schema: public; Owner: postgres
--

ALTER TABLE ONLY public.schedule_rehearsal_participants
    ADD CONSTRAINT schedule_rehearsal_parti_rehearsal_id_user_id_672dd7d8_uniq UNIQUE (rehearsal_id, user_id);


--
-- Name: schedule_rehearsal_participants schedule_rehearsal_participants_pkey; Type: CONSTRAINT; Schema: public; Owner: postgres
--

ALTER TABLE ONLY public.schedule_rehearsal_participants
    ADD CONSTRAINT schedule_rehearsal_participants_pkey PRIMARY KEY (id);


--
-- Name: schedule_rehearsal schedule_rehearsal_pkey; Type: CONSTRAINT; Schema: public; Owner: postgres
--

ALTER TABLE ONLY public.schedule_rehearsal
    ADD CONSTRAINT schedule_rehearsal_pkey PRIMARY KEY (id);


--
-- Name: repertoire_adaptation unique_adaptation; Type: CONSTRAINT; Schema: public; Owner: postgres
--

ALTER TABLE ONLY public.repertoire_adaptation
    ADD CONSTRAINT unique_adaptation UNIQUE (original_id, music_band_id, file_id);


--
-- Name: equipment_equipment unique_equipment; Type: CONSTRAINT; Schema: public; Owner: postgres
--

ALTER TABLE ONLY public.equipment_equipment
    ADD CONSTRAINT unique_equipment UNIQUE (owner_id, name);


--
-- Name: event_event unique_event; Type: CONSTRAINT; Schema: public; Owner: postgres
--

ALTER TABLE ONLY public.event_event
    ADD CONSTRAINT unique_event UNIQUE (name, start_datetime);


--
-- Name: repertoire_musicpart unique_musical_part; Type: CONSTRAINT; Schema: public; Owner: postgres
--

ALTER TABLE ONLY public.repertoire_musicpart
    ADD CONSTRAINT unique_musical_part UNIQUE (adaptation_id, musical_parts_id);


--
-- Name: repertoire_original unique_original_title_author; Type: CONSTRAINT; Schema: public; Owner: postgres
--

ALTER TABLE ONLY public.repertoire_original
    ADD CONSTRAINT unique_original_title_author UNIQUE (title, author);


--
-- Name: event_performance unique_performance; Type: CONSTRAINT; Schema: public; Owner: postgres
--

ALTER TABLE ONLY public.event_performance
    ADD CONSTRAINT unique_performance UNIQUE (event_id, composition_id, music_band_id);


--
-- Name: schedule_rehearsal unique_rehearsal_music_band; Type: CONSTRAINT; Schema: public; Owner: postgres
--

ALTER TABLE ONLY public.schedule_rehearsal
    ADD CONSTRAINT unique_rehearsal_music_band UNIQUE (music_band_id, start_date);


--
-- Name: auth_group_name_a6ea08ec_like; Type: INDEX; Schema: public; Owner: postgres
--

CREATE INDEX auth_group_name_a6ea08ec_like ON public.auth_group USING btree (name varchar_pattern_ops);


--
-- Name: auth_group_permissions_group_id_b120cbf9; Type: INDEX; Schema: public; Owner: postgres
--

CREATE INDEX auth_group_permissions_group_id_b120cbf9 ON public.auth_group_permissions USING btree (group_id);


--
-- Name: auth_group_permissions_permission_id_84c5c92e; Type: INDEX; Schema: public; Owner: postgres
--

CREATE INDEX auth_group_permissions_permission_id_84c5c92e ON public.auth_group_permissions USING btree (permission_id);


--
-- Name: auth_permission_content_type_id_2f476e4b; Type: INDEX; Schema: public; Owner: postgres
--

CREATE INDEX auth_permission_content_type_id_2f476e4b ON public.auth_permission USING btree (content_type_id);


--
-- Name: auth_user_groups_group_id_97559544; Type: INDEX; Schema: public; Owner: postgres
--

CREATE INDEX auth_user_groups_group_id_97559544 ON public.auth_user_groups USING btree (group_id);


--
-- Name: auth_user_groups_user_id_6a12ed8b; Type: INDEX; Schema: public; Owner: postgres
--

CREATE INDEX auth_user_groups_user_id_6a12ed8b ON public.auth_user_groups USING btree (user_id);


--
-- Name: auth_user_user_permissions_permission_id_1fbb5f2c; Type: INDEX; Schema: public; Owner: postgres
--

CREATE INDEX auth_user_user_permissions_permission_id_1fbb5f2c ON public.auth_user_user_permissions USING btree (permission_id);


--
-- Name: auth_user_user_permissions_user_id_a95ead1b; Type: INDEX; Schema: public; Owner: postgres
--

CREATE INDEX auth_user_user_permissions_user_id_a95ead1b ON public.auth_user_user_permissions USING btree (user_id);


--
-- Name: auth_user_username_6821ab7c_like; Type: INDEX; Schema: public; Owner: postgres
--

CREATE INDEX auth_user_username_6821ab7c_like ON public.auth_user USING btree (username varchar_pattern_ops);


--
-- Name: band_musicband_name_2909e768_like; Type: INDEX; Schema: public; Owner: postgres
--

CREATE INDEX band_musicband_name_2909e768_like ON public.band_musicband USING btree (name varchar_pattern_ops);


--
-- Name: django_admin_log_content_type_id_c4bce8eb; Type: INDEX; Schema: public; Owner: postgres
--

CREATE INDEX django_admin_log_content_type_id_c4bce8eb ON public.django_admin_log USING btree (content_type_id);


--
-- Name: django_admin_log_user_id_c564eba6; Type: INDEX; Schema: public; Owner: postgres
--

CREATE INDEX django_admin_log_user_id_c564eba6 ON public.django_admin_log USING btree (user_id);


--
-- Name: django_session_expire_date_a5c62663; Type: INDEX; Schema: public; Owner: postgres
--

CREATE INDEX django_session_expire_date_a5c62663 ON public.django_session USING btree (expire_date);


--
-- Name: django_session_session_key_c0390e0f_like; Type: INDEX; Schema: public; Owner: postgres
--

CREATE INDEX django_session_session_key_c0390e0f_like ON public.django_session USING btree (session_key varchar_pattern_ops);


--
-- Name: easy_thumbnails_source_name_5fe0edc6; Type: INDEX; Schema: public; Owner: postgres
--

CREATE INDEX easy_thumbnails_source_name_5fe0edc6 ON public.easy_thumbnails_source USING btree (name);


--
-- Name: easy_thumbnails_source_name_5fe0edc6_like; Type: INDEX; Schema: public; Owner: postgres
--

CREATE INDEX easy_thumbnails_source_name_5fe0edc6_like ON public.easy_thumbnails_source USING btree (name varchar_pattern_ops);


--
-- Name: easy_thumbnails_source_storage_hash_946cbcc9; Type: INDEX; Schema: public; Owner: postgres
--

CREATE INDEX easy_thumbnails_source_storage_hash_946cbcc9 ON public.easy_thumbnails_source USING btree (storage_hash);


--
-- Name: easy_thumbnails_source_storage_hash_946cbcc9_like; Type: INDEX; Schema: public; Owner: postgres
--

CREATE INDEX easy_thumbnails_source_storage_hash_946cbcc9_like ON public.easy_thumbnails_source USING btree (storage_hash varchar_pattern_ops);


--
-- Name: easy_thumbnails_thumbnail_name_b5882c31; Type: INDEX; Schema: public; Owner: postgres
--

CREATE INDEX easy_thumbnails_thumbnail_name_b5882c31 ON public.easy_thumbnails_thumbnail USING btree (name);


--
-- Name: easy_thumbnails_thumbnail_name_b5882c31_like; Type: INDEX; Schema: public; Owner: postgres
--

CREATE INDEX easy_thumbnails_thumbnail_name_b5882c31_like ON public.easy_thumbnails_thumbnail USING btree (name varchar_pattern_ops);


--
-- Name: easy_thumbnails_thumbnail_source_id_5b57bc77; Type: INDEX; Schema: public; Owner: postgres
--

CREATE INDEX easy_thumbnails_thumbnail_source_id_5b57bc77 ON public.easy_thumbnails_thumbnail USING btree (source_id);


--
-- Name: easy_thumbnails_thumbnail_storage_hash_f1435f49; Type: INDEX; Schema: public; Owner: postgres
--

CREATE INDEX easy_thumbnails_thumbnail_storage_hash_f1435f49 ON public.easy_thumbnails_thumbnail USING btree (storage_hash);


--
-- Name: easy_thumbnails_thumbnail_storage_hash_f1435f49_like; Type: INDEX; Schema: public; Owner: postgres
--

CREATE INDEX easy_thumbnails_thumbnail_storage_hash_f1435f49_like ON public.easy_thumbnails_thumbnail USING btree (storage_hash varchar_pattern_ops);


--
-- Name: equipment_equipment_music_band_id_4968db54; Type: INDEX; Schema: public; Owner: postgres
--

CREATE INDEX equipment_equipment_music_band_id_4968db54 ON public.equipment_equipment USING btree (music_band_id);


--
-- Name: equipment_equipment_owner_id_ac1c6866; Type: INDEX; Schema: public; Owner: postgres
--

CREATE INDEX equipment_equipment_owner_id_ac1c6866 ON public.equipment_equipment USING btree (owner_id);


--
-- Name: equipment_equipment_type_id_560f608d; Type: INDEX; Schema: public; Owner: postgres
--

CREATE INDEX equipment_equipment_type_id_560f608d ON public.equipment_equipment USING btree (type_id);


--
-- Name: equipment_equipment_type_id_560f608d_like; Type: INDEX; Schema: public; Owner: postgres
--

CREATE INDEX equipment_equipment_type_id_560f608d_like ON public.equipment_equipment USING btree (type_id varchar_pattern_ops);


--
-- Name: equipment_typeofequipment_name_5cd843c1_like; Type: INDEX; Schema: public; Owner: postgres
--

CREATE INDEX equipment_typeofequipment_name_5cd843c1_like ON public.equipment_typeofequipment USING btree (name varchar_pattern_ops);


--
-- Name: event_performance_artists_performance_id_0855be5e; Type: INDEX; Schema: public; Owner: postgres
--

CREATE INDEX event_performance_artists_performance_id_0855be5e ON public.event_performance_artists USING btree (performance_id);


--
-- Name: event_performance_artists_user_id_781446c7; Type: INDEX; Schema: public; Owner: postgres
--

CREATE INDEX event_performance_artists_user_id_781446c7 ON public.event_performance_artists USING btree (user_id);


--
-- Name: event_performance_composition_id_17bfe1b3; Type: INDEX; Schema: public; Owner: postgres
--

CREATE INDEX event_performance_composition_id_17bfe1b3 ON public.event_performance USING btree (composition_id);


--
-- Name: event_performance_event_id_d2e599d5; Type: INDEX; Schema: public; Owner: postgres
--

CREATE INDEX event_performance_event_id_d2e599d5 ON public.event_performance USING btree (event_id);


--
-- Name: event_performance_music_band_id_becb7558; Type: INDEX; Schema: public; Owner: postgres
--

CREATE INDEX event_performance_music_band_id_becb7558 ON public.event_performance USING btree (music_band_id);


--
-- Name: filer_clipboard_user_id_b52ff0bc; Type: INDEX; Schema: public; Owner: postgres
--

CREATE INDEX filer_clipboard_user_id_b52ff0bc ON public.filer_clipboard USING btree (user_id);


--
-- Name: filer_clipboarditem_clipboard_id_7a76518b; Type: INDEX; Schema: public; Owner: postgres
--

CREATE INDEX filer_clipboarditem_clipboard_id_7a76518b ON public.filer_clipboarditem USING btree (clipboard_id);


--
-- Name: filer_clipboarditem_file_id_06196f80; Type: INDEX; Schema: public; Owner: postgres
--

CREATE INDEX filer_clipboarditem_file_id_06196f80 ON public.filer_clipboarditem USING btree (file_id);


--
-- Name: filer_file_folder_id_af803bbb; Type: INDEX; Schema: public; Owner: postgres
--

CREATE INDEX filer_file_folder_id_af803bbb ON public.filer_file USING btree (folder_id);


--
-- Name: filer_file_owner_id_b9e32671; Type: INDEX; Schema: public; Owner: postgres
--

CREATE INDEX filer_file_owner_id_b9e32671 ON public.filer_file USING btree (owner_id);


--
-- Name: filer_file_polymorphic_ctype_id_f44903c1; Type: INDEX; Schema: public; Owner: postgres
--

CREATE INDEX filer_file_polymorphic_ctype_id_f44903c1 ON public.filer_file USING btree (polymorphic_ctype_id);


--
-- Name: filer_folder_owner_id_be530fb4; Type: INDEX; Schema: public; Owner: postgres
--

CREATE INDEX filer_folder_owner_id_be530fb4 ON public.filer_folder USING btree (owner_id);


--
-- Name: filer_folder_parent_id_308aecda; Type: INDEX; Schema: public; Owner: postgres
--

CREATE INDEX filer_folder_parent_id_308aecda ON public.filer_folder USING btree (parent_id);


--
-- Name: filer_folderpermission_folder_id_5d02f1da; Type: INDEX; Schema: public; Owner: postgres
--

CREATE INDEX filer_folderpermission_folder_id_5d02f1da ON public.filer_folderpermission USING btree (folder_id);


--
-- Name: filer_folderpermission_group_id_8901bafa; Type: INDEX; Schema: public; Owner: postgres
--

CREATE INDEX filer_folderpermission_group_id_8901bafa ON public.filer_folderpermission USING btree (group_id);


--
-- Name: filer_folderpermission_user_id_7673d4b6; Type: INDEX; Schema: public; Owner: postgres
--

CREATE INDEX filer_folderpermission_user_id_7673d4b6 ON public.filer_folderpermission USING btree (user_id);


--
-- Name: home_genre_name_16436424_like; Type: INDEX; Schema: public; Owner: postgres
--

CREATE INDEX home_genre_name_16436424_like ON public.home_genre USING btree (name varchar_pattern_ops);


--
-- Name: home_profile_genres_genre_id_d10d68bb; Type: INDEX; Schema: public; Owner: postgres
--

CREATE INDEX home_profile_genres_genre_id_d10d68bb ON public.home_profile_genres USING btree (genre_id);


--
-- Name: home_profile_genres_genre_id_d10d68bb_like; Type: INDEX; Schema: public; Owner: postgres
--

CREATE INDEX home_profile_genres_genre_id_d10d68bb_like ON public.home_profile_genres USING btree (genre_id varchar_pattern_ops);


--
-- Name: home_profile_genres_profile_id_188b22e3; Type: INDEX; Schema: public; Owner: postgres
--

CREATE INDEX home_profile_genres_profile_id_188b22e3 ON public.home_profile_genres USING btree (profile_id);


--
-- Name: home_profile_music_band_id_fe2f657d; Type: INDEX; Schema: public; Owner: postgres
--

CREATE INDEX home_profile_music_band_id_fe2f657d ON public.home_profile USING btree (music_band_id);


--
-- Name: home_profile_photo_id_6ac96fdc; Type: INDEX; Schema: public; Owner: postgres
--

CREATE INDEX home_profile_photo_id_6ac96fdc ON public.home_profile USING btree (photo_id);


--
-- Name: home_profile_skills_profile_id_53681ead; Type: INDEX; Schema: public; Owner: postgres
--

CREATE INDEX home_profile_skills_profile_id_53681ead ON public.home_profile_skills USING btree (profile_id);


--
-- Name: home_profile_skills_skills_id_67bb65aa; Type: INDEX; Schema: public; Owner: postgres
--

CREATE INDEX home_profile_skills_skills_id_67bb65aa ON public.home_profile_skills USING btree (skills_id);


--
-- Name: home_profile_skills_skills_id_67bb65aa_like; Type: INDEX; Schema: public; Owner: postgres
--

CREATE INDEX home_profile_skills_skills_id_67bb65aa_like ON public.home_profile_skills USING btree (skills_id varchar_pattern_ops);


--
-- Name: home_skills_name_747b00e3_like; Type: INDEX; Schema: public; Owner: postgres
--

CREATE INDEX home_skills_name_747b00e3_like ON public.home_skills USING btree (name varchar_pattern_ops);


--
-- Name: repertoire_adaptation_file_id_f7d71490; Type: INDEX; Schema: public; Owner: postgres
--

CREATE INDEX repertoire_adaptation_file_id_f7d71490 ON public.repertoire_adaptation USING btree (file_id);


--
-- Name: repertoire_adaptation_genres_adaptation_id_ec10daad; Type: INDEX; Schema: public; Owner: postgres
--

CREATE INDEX repertoire_adaptation_genres_adaptation_id_ec10daad ON public.repertoire_adaptation_genres USING btree (adaptation_id);


--
-- Name: repertoire_adaptation_genres_genre_id_eaa176df; Type: INDEX; Schema: public; Owner: postgres
--

CREATE INDEX repertoire_adaptation_genres_genre_id_eaa176df ON public.repertoire_adaptation_genres USING btree (genre_id);


--
-- Name: repertoire_adaptation_genres_genre_id_eaa176df_like; Type: INDEX; Schema: public; Owner: postgres
--

CREATE INDEX repertoire_adaptation_genres_genre_id_eaa176df_like ON public.repertoire_adaptation_genres USING btree (genre_id varchar_pattern_ops);


--
-- Name: repertoire_adaptation_music_band_id_675e0902; Type: INDEX; Schema: public; Owner: postgres
--

CREATE INDEX repertoire_adaptation_music_band_id_675e0902 ON public.repertoire_adaptation USING btree (music_band_id);


--
-- Name: repertoire_adaptation_original_id_f2044513; Type: INDEX; Schema: public; Owner: postgres
--

CREATE INDEX repertoire_adaptation_original_id_f2044513 ON public.repertoire_adaptation USING btree (original_id);


--
-- Name: repertoire_musicpart_adaptation_id_4aeb302b; Type: INDEX; Schema: public; Owner: postgres
--

CREATE INDEX repertoire_musicpart_adaptation_id_4aeb302b ON public.repertoire_musicpart USING btree (adaptation_id);


--
-- Name: repertoire_musicpart_instrument_id_92576b45; Type: INDEX; Schema: public; Owner: postgres
--

CREATE INDEX repertoire_musicpart_instrument_id_92576b45 ON public.repertoire_musicpart USING btree (instrument_id);


--
-- Name: repertoire_musicpart_instrument_id_92576b45_like; Type: INDEX; Schema: public; Owner: postgres
--

CREATE INDEX repertoire_musicpart_instrument_id_92576b45_like ON public.repertoire_musicpart USING btree (instrument_id varchar_pattern_ops);


--
-- Name: repertoire_musicpart_musical_parts_id_6037b8a4; Type: INDEX; Schema: public; Owner: postgres
--

CREATE INDEX repertoire_musicpart_musical_parts_id_6037b8a4 ON public.repertoire_musicpart USING btree (musical_parts_id);


--
-- Name: repertoire_original_genres_genre_id_611fdf23; Type: INDEX; Schema: public; Owner: postgres
--

CREATE INDEX repertoire_original_genres_genre_id_611fdf23 ON public.repertoire_original_genres USING btree (genre_id);


--
-- Name: repertoire_original_genres_genre_id_611fdf23_like; Type: INDEX; Schema: public; Owner: postgres
--

CREATE INDEX repertoire_original_genres_genre_id_611fdf23_like ON public.repertoire_original_genres USING btree (genre_id varchar_pattern_ops);


--
-- Name: repertoire_original_genres_original_id_6b850aa2; Type: INDEX; Schema: public; Owner: postgres
--

CREATE INDEX repertoire_original_genres_original_id_6b850aa2 ON public.repertoire_original_genres USING btree (original_id);


--
-- Name: schedule_rehearsal_music_band_id_a7ed7d4e; Type: INDEX; Schema: public; Owner: postgres
--

CREATE INDEX schedule_rehearsal_music_band_id_a7ed7d4e ON public.schedule_rehearsal USING btree (music_band_id);


--
-- Name: schedule_rehearsal_participants_rehearsal_id_a15d9596; Type: INDEX; Schema: public; Owner: postgres
--

CREATE INDEX schedule_rehearsal_participants_rehearsal_id_a15d9596 ON public.schedule_rehearsal_participants USING btree (rehearsal_id);


--
-- Name: schedule_rehearsal_participants_user_id_e580a7b7; Type: INDEX; Schema: public; Owner: postgres
--

CREATE INDEX schedule_rehearsal_participants_user_id_e580a7b7 ON public.schedule_rehearsal_participants USING btree (user_id);


--
-- Name: auth_group_permissions auth_group_permissio_permission_id_84c5c92e_fk_auth_perm; Type: FK CONSTRAINT; Schema: public; Owner: postgres
--

ALTER TABLE ONLY public.auth_group_permissions
    ADD CONSTRAINT auth_group_permissio_permission_id_84c5c92e_fk_auth_perm FOREIGN KEY (permission_id) REFERENCES public.auth_permission(id) DEFERRABLE INITIALLY DEFERRED;


--
-- Name: auth_group_permissions auth_group_permissions_group_id_b120cbf9_fk_auth_group_id; Type: FK CONSTRAINT; Schema: public; Owner: postgres
--

ALTER TABLE ONLY public.auth_group_permissions
    ADD CONSTRAINT auth_group_permissions_group_id_b120cbf9_fk_auth_group_id FOREIGN KEY (group_id) REFERENCES public.auth_group(id) DEFERRABLE INITIALLY DEFERRED;


--
-- Name: auth_permission auth_permission_content_type_id_2f476e4b_fk_django_co; Type: FK CONSTRAINT; Schema: public; Owner: postgres
--

ALTER TABLE ONLY public.auth_permission
    ADD CONSTRAINT auth_permission_content_type_id_2f476e4b_fk_django_co FOREIGN KEY (content_type_id) REFERENCES public.django_content_type(id) DEFERRABLE INITIALLY DEFERRED;


--
-- Name: auth_user_groups auth_user_groups_group_id_97559544_fk_auth_group_id; Type: FK CONSTRAINT; Schema: public; Owner: postgres
--

ALTER TABLE ONLY public.auth_user_groups
    ADD CONSTRAINT auth_user_groups_group_id_97559544_fk_auth_group_id FOREIGN KEY (group_id) REFERENCES public.auth_group(id) DEFERRABLE INITIALLY DEFERRED;


--
-- Name: auth_user_groups auth_user_groups_user_id_6a12ed8b_fk_auth_user_id; Type: FK CONSTRAINT; Schema: public; Owner: postgres
--

ALTER TABLE ONLY public.auth_user_groups
    ADD CONSTRAINT auth_user_groups_user_id_6a12ed8b_fk_auth_user_id FOREIGN KEY (user_id) REFERENCES public.auth_user(id) DEFERRABLE INITIALLY DEFERRED;


--
-- Name: auth_user_user_permissions auth_user_user_permi_permission_id_1fbb5f2c_fk_auth_perm; Type: FK CONSTRAINT; Schema: public; Owner: postgres
--

ALTER TABLE ONLY public.auth_user_user_permissions
    ADD CONSTRAINT auth_user_user_permi_permission_id_1fbb5f2c_fk_auth_perm FOREIGN KEY (permission_id) REFERENCES public.auth_permission(id) DEFERRABLE INITIALLY DEFERRED;


--
-- Name: auth_user_user_permissions auth_user_user_permissions_user_id_a95ead1b_fk_auth_user_id; Type: FK CONSTRAINT; Schema: public; Owner: postgres
--

ALTER TABLE ONLY public.auth_user_user_permissions
    ADD CONSTRAINT auth_user_user_permissions_user_id_a95ead1b_fk_auth_user_id FOREIGN KEY (user_id) REFERENCES public.auth_user(id) DEFERRABLE INITIALLY DEFERRED;


--
-- Name: django_admin_log django_admin_log_content_type_id_c4bce8eb_fk_django_co; Type: FK CONSTRAINT; Schema: public; Owner: postgres
--

ALTER TABLE ONLY public.django_admin_log
    ADD CONSTRAINT django_admin_log_content_type_id_c4bce8eb_fk_django_co FOREIGN KEY (content_type_id) REFERENCES public.django_content_type(id) DEFERRABLE INITIALLY DEFERRED;


--
-- Name: django_admin_log django_admin_log_user_id_c564eba6_fk_auth_user_id; Type: FK CONSTRAINT; Schema: public; Owner: postgres
--

ALTER TABLE ONLY public.django_admin_log
    ADD CONSTRAINT django_admin_log_user_id_c564eba6_fk_auth_user_id FOREIGN KEY (user_id) REFERENCES public.auth_user(id) DEFERRABLE INITIALLY DEFERRED;


--
-- Name: easy_thumbnails_thumbnail easy_thumbnails_thum_source_id_5b57bc77_fk_easy_thum; Type: FK CONSTRAINT; Schema: public; Owner: postgres
--

ALTER TABLE ONLY public.easy_thumbnails_thumbnail
    ADD CONSTRAINT easy_thumbnails_thum_source_id_5b57bc77_fk_easy_thum FOREIGN KEY (source_id) REFERENCES public.easy_thumbnails_source(id) DEFERRABLE INITIALLY DEFERRED;


--
-- Name: easy_thumbnails_thumbnaildimensions easy_thumbnails_thum_thumbnail_id_c3a0c549_fk_easy_thum; Type: FK CONSTRAINT; Schema: public; Owner: postgres
--

ALTER TABLE ONLY public.easy_thumbnails_thumbnaildimensions
    ADD CONSTRAINT easy_thumbnails_thum_thumbnail_id_c3a0c549_fk_easy_thum FOREIGN KEY (thumbnail_id) REFERENCES public.easy_thumbnails_thumbnail(id) DEFERRABLE INITIALLY DEFERRED;


--
-- Name: equipment_equipment equipment_equipment_music_band_id_4968db54_fk_band_musicband_id; Type: FK CONSTRAINT; Schema: public; Owner: postgres
--

ALTER TABLE ONLY public.equipment_equipment
    ADD CONSTRAINT equipment_equipment_music_band_id_4968db54_fk_band_musicband_id FOREIGN KEY (music_band_id) REFERENCES public.band_musicband(id) DEFERRABLE INITIALLY DEFERRED;


--
-- Name: equipment_equipment equipment_equipment_owner_id_ac1c6866_fk_auth_user_id; Type: FK CONSTRAINT; Schema: public; Owner: postgres
--

ALTER TABLE ONLY public.equipment_equipment
    ADD CONSTRAINT equipment_equipment_owner_id_ac1c6866_fk_auth_user_id FOREIGN KEY (owner_id) REFERENCES public.auth_user(id) DEFERRABLE INITIALLY DEFERRED;


--
-- Name: equipment_equipment equipment_equipment_type_id_560f608d_fk_equipment; Type: FK CONSTRAINT; Schema: public; Owner: postgres
--

ALTER TABLE ONLY public.equipment_equipment
    ADD CONSTRAINT equipment_equipment_type_id_560f608d_fk_equipment FOREIGN KEY (type_id) REFERENCES public.equipment_typeofequipment(name) DEFERRABLE INITIALLY DEFERRED;


--
-- Name: event_performance_artists event_performance_ar_performance_id_0855be5e_fk_event_per; Type: FK CONSTRAINT; Schema: public; Owner: postgres
--

ALTER TABLE ONLY public.event_performance_artists
    ADD CONSTRAINT event_performance_ar_performance_id_0855be5e_fk_event_per FOREIGN KEY (performance_id) REFERENCES public.event_performance(id) DEFERRABLE INITIALLY DEFERRED;


--
-- Name: event_performance_artists event_performance_artists_user_id_781446c7_fk_auth_user_id; Type: FK CONSTRAINT; Schema: public; Owner: postgres
--

ALTER TABLE ONLY public.event_performance_artists
    ADD CONSTRAINT event_performance_artists_user_id_781446c7_fk_auth_user_id FOREIGN KEY (user_id) REFERENCES public.auth_user(id) DEFERRABLE INITIALLY DEFERRED;


--
-- Name: event_performance event_performance_composition_id_17bfe1b3_fk_repertoir; Type: FK CONSTRAINT; Schema: public; Owner: postgres
--

ALTER TABLE ONLY public.event_performance
    ADD CONSTRAINT event_performance_composition_id_17bfe1b3_fk_repertoir FOREIGN KEY (composition_id) REFERENCES public.repertoire_adaptation(id) DEFERRABLE INITIALLY DEFERRED;


--
-- Name: event_performance event_performance_event_id_d2e599d5_fk_event_event_id; Type: FK CONSTRAINT; Schema: public; Owner: postgres
--

ALTER TABLE ONLY public.event_performance
    ADD CONSTRAINT event_performance_event_id_d2e599d5_fk_event_event_id FOREIGN KEY (event_id) REFERENCES public.event_event(id) DEFERRABLE INITIALLY DEFERRED;


--
-- Name: event_performance event_performance_music_band_id_becb7558_fk_band_musicband_id; Type: FK CONSTRAINT; Schema: public; Owner: postgres
--

ALTER TABLE ONLY public.event_performance
    ADD CONSTRAINT event_performance_music_band_id_becb7558_fk_band_musicband_id FOREIGN KEY (music_band_id) REFERENCES public.band_musicband(id) DEFERRABLE INITIALLY DEFERRED;


--
-- Name: filer_clipboard filer_clipboard_user_id_b52ff0bc_fk_auth_user_id; Type: FK CONSTRAINT; Schema: public; Owner: postgres
--

ALTER TABLE ONLY public.filer_clipboard
    ADD CONSTRAINT filer_clipboard_user_id_b52ff0bc_fk_auth_user_id FOREIGN KEY (user_id) REFERENCES public.auth_user(id) DEFERRABLE INITIALLY DEFERRED;


--
-- Name: filer_clipboarditem filer_clipboarditem_clipboard_id_7a76518b_fk_filer_clipboard_id; Type: FK CONSTRAINT; Schema: public; Owner: postgres
--

ALTER TABLE ONLY public.filer_clipboarditem
    ADD CONSTRAINT filer_clipboarditem_clipboard_id_7a76518b_fk_filer_clipboard_id FOREIGN KEY (clipboard_id) REFERENCES public.filer_clipboard(id) DEFERRABLE INITIALLY DEFERRED;


--
-- Name: filer_clipboarditem filer_clipboarditem_file_id_06196f80_fk_filer_file_id; Type: FK CONSTRAINT; Schema: public; Owner: postgres
--

ALTER TABLE ONLY public.filer_clipboarditem
    ADD CONSTRAINT filer_clipboarditem_file_id_06196f80_fk_filer_file_id FOREIGN KEY (file_id) REFERENCES public.filer_file(id) DEFERRABLE INITIALLY DEFERRED;


--
-- Name: filer_file filer_file_folder_id_af803bbb_fk_filer_folder_id; Type: FK CONSTRAINT; Schema: public; Owner: postgres
--

ALTER TABLE ONLY public.filer_file
    ADD CONSTRAINT filer_file_folder_id_af803bbb_fk_filer_folder_id FOREIGN KEY (folder_id) REFERENCES public.filer_folder(id) DEFERRABLE INITIALLY DEFERRED;


--
-- Name: filer_file filer_file_owner_id_b9e32671_fk_auth_user_id; Type: FK CONSTRAINT; Schema: public; Owner: postgres
--

ALTER TABLE ONLY public.filer_file
    ADD CONSTRAINT filer_file_owner_id_b9e32671_fk_auth_user_id FOREIGN KEY (owner_id) REFERENCES public.auth_user(id) DEFERRABLE INITIALLY DEFERRED;


--
-- Name: filer_file filer_file_polymorphic_ctype_id_f44903c1_fk_django_co; Type: FK CONSTRAINT; Schema: public; Owner: postgres
--

ALTER TABLE ONLY public.filer_file
    ADD CONSTRAINT filer_file_polymorphic_ctype_id_f44903c1_fk_django_co FOREIGN KEY (polymorphic_ctype_id) REFERENCES public.django_content_type(id) DEFERRABLE INITIALLY DEFERRED;


--
-- Name: filer_folder filer_folder_owner_id_be530fb4_fk_auth_user_id; Type: FK CONSTRAINT; Schema: public; Owner: postgres
--

ALTER TABLE ONLY public.filer_folder
    ADD CONSTRAINT filer_folder_owner_id_be530fb4_fk_auth_user_id FOREIGN KEY (owner_id) REFERENCES public.auth_user(id) DEFERRABLE INITIALLY DEFERRED;


--
-- Name: filer_folder filer_folder_parent_id_308aecda_fk_filer_folder_id; Type: FK CONSTRAINT; Schema: public; Owner: postgres
--

ALTER TABLE ONLY public.filer_folder
    ADD CONSTRAINT filer_folder_parent_id_308aecda_fk_filer_folder_id FOREIGN KEY (parent_id) REFERENCES public.filer_folder(id) DEFERRABLE INITIALLY DEFERRED;


--
-- Name: filer_folderpermission filer_folderpermission_folder_id_5d02f1da_fk_filer_folder_id; Type: FK CONSTRAINT; Schema: public; Owner: postgres
--

ALTER TABLE ONLY public.filer_folderpermission
    ADD CONSTRAINT filer_folderpermission_folder_id_5d02f1da_fk_filer_folder_id FOREIGN KEY (folder_id) REFERENCES public.filer_folder(id) DEFERRABLE INITIALLY DEFERRED;


--
-- Name: filer_folderpermission filer_folderpermission_group_id_8901bafa_fk_auth_group_id; Type: FK CONSTRAINT; Schema: public; Owner: postgres
--

ALTER TABLE ONLY public.filer_folderpermission
    ADD CONSTRAINT filer_folderpermission_group_id_8901bafa_fk_auth_group_id FOREIGN KEY (group_id) REFERENCES public.auth_group(id) DEFERRABLE INITIALLY DEFERRED;


--
-- Name: filer_folderpermission filer_folderpermission_user_id_7673d4b6_fk_auth_user_id; Type: FK CONSTRAINT; Schema: public; Owner: postgres
--

ALTER TABLE ONLY public.filer_folderpermission
    ADD CONSTRAINT filer_folderpermission_user_id_7673d4b6_fk_auth_user_id FOREIGN KEY (user_id) REFERENCES public.auth_user(id) DEFERRABLE INITIALLY DEFERRED;


--
-- Name: filer_image filer_image_file_ptr_id_3e21d4f0_fk_filer_file_id; Type: FK CONSTRAINT; Schema: public; Owner: postgres
--

ALTER TABLE ONLY public.filer_image
    ADD CONSTRAINT filer_image_file_ptr_id_3e21d4f0_fk_filer_file_id FOREIGN KEY (file_ptr_id) REFERENCES public.filer_file(id) DEFERRABLE INITIALLY DEFERRED;


--
-- Name: home_profile_genres home_profile_genres_genre_id_d10d68bb_fk_home_genre_name; Type: FK CONSTRAINT; Schema: public; Owner: postgres
--

ALTER TABLE ONLY public.home_profile_genres
    ADD CONSTRAINT home_profile_genres_genre_id_d10d68bb_fk_home_genre_name FOREIGN KEY (genre_id) REFERENCES public.home_genre(name) DEFERRABLE INITIALLY DEFERRED;


--
-- Name: home_profile_genres home_profile_genres_profile_id_188b22e3_fk_home_profile_id; Type: FK CONSTRAINT; Schema: public; Owner: postgres
--

ALTER TABLE ONLY public.home_profile_genres
    ADD CONSTRAINT home_profile_genres_profile_id_188b22e3_fk_home_profile_id FOREIGN KEY (profile_id) REFERENCES public.home_profile(id) DEFERRABLE INITIALLY DEFERRED;


--
-- Name: home_profile home_profile_music_band_id_fe2f657d_fk_band_musicband_id; Type: FK CONSTRAINT; Schema: public; Owner: postgres
--

ALTER TABLE ONLY public.home_profile
    ADD CONSTRAINT home_profile_music_band_id_fe2f657d_fk_band_musicband_id FOREIGN KEY (music_band_id) REFERENCES public.band_musicband(id) DEFERRABLE INITIALLY DEFERRED;


--
-- Name: home_profile home_profile_photo_id_6ac96fdc_fk_filer_image_file_ptr_id; Type: FK CONSTRAINT; Schema: public; Owner: postgres
--

ALTER TABLE ONLY public.home_profile
    ADD CONSTRAINT home_profile_photo_id_6ac96fdc_fk_filer_image_file_ptr_id FOREIGN KEY (photo_id) REFERENCES public.filer_image(file_ptr_id) DEFERRABLE INITIALLY DEFERRED;


--
-- Name: home_profile_skills home_profile_skills_profile_id_53681ead_fk_home_profile_id; Type: FK CONSTRAINT; Schema: public; Owner: postgres
--

ALTER TABLE ONLY public.home_profile_skills
    ADD CONSTRAINT home_profile_skills_profile_id_53681ead_fk_home_profile_id FOREIGN KEY (profile_id) REFERENCES public.home_profile(id) DEFERRABLE INITIALLY DEFERRED;


--
-- Name: home_profile_skills home_profile_skills_skills_id_67bb65aa_fk_home_skills_name; Type: FK CONSTRAINT; Schema: public; Owner: postgres
--

ALTER TABLE ONLY public.home_profile_skills
    ADD CONSTRAINT home_profile_skills_skills_id_67bb65aa_fk_home_skills_name FOREIGN KEY (skills_id) REFERENCES public.home_skills(name) DEFERRABLE INITIALLY DEFERRED;


--
-- Name: home_profile home_profile_user_id_5bf46ea0_fk_auth_user_id; Type: FK CONSTRAINT; Schema: public; Owner: postgres
--

ALTER TABLE ONLY public.home_profile
    ADD CONSTRAINT home_profile_user_id_5bf46ea0_fk_auth_user_id FOREIGN KEY (user_id) REFERENCES public.auth_user(id) DEFERRABLE INITIALLY DEFERRED;


--
-- Name: repertoire_adaptation_genres repertoire_adaptatio_adaptation_id_ec10daad_fk_repertoir; Type: FK CONSTRAINT; Schema: public; Owner: postgres
--

ALTER TABLE ONLY public.repertoire_adaptation_genres
    ADD CONSTRAINT repertoire_adaptatio_adaptation_id_ec10daad_fk_repertoir FOREIGN KEY (adaptation_id) REFERENCES public.repertoire_adaptation(id) DEFERRABLE INITIALLY DEFERRED;


--
-- Name: repertoire_adaptation_genres repertoire_adaptatio_genre_id_eaa176df_fk_home_genr; Type: FK CONSTRAINT; Schema: public; Owner: postgres
--

ALTER TABLE ONLY public.repertoire_adaptation_genres
    ADD CONSTRAINT repertoire_adaptatio_genre_id_eaa176df_fk_home_genr FOREIGN KEY (genre_id) REFERENCES public.home_genre(name) DEFERRABLE INITIALLY DEFERRED;


--
-- Name: repertoire_adaptation repertoire_adaptatio_music_band_id_675e0902_fk_band_musi; Type: FK CONSTRAINT; Schema: public; Owner: postgres
--

ALTER TABLE ONLY public.repertoire_adaptation
    ADD CONSTRAINT repertoire_adaptatio_music_band_id_675e0902_fk_band_musi FOREIGN KEY (music_band_id) REFERENCES public.band_musicband(id) DEFERRABLE INITIALLY DEFERRED;


--
-- Name: repertoire_adaptation repertoire_adaptatio_original_id_f2044513_fk_repertoir; Type: FK CONSTRAINT; Schema: public; Owner: postgres
--

ALTER TABLE ONLY public.repertoire_adaptation
    ADD CONSTRAINT repertoire_adaptatio_original_id_f2044513_fk_repertoir FOREIGN KEY (original_id) REFERENCES public.repertoire_original(id) DEFERRABLE INITIALLY DEFERRED;


--
-- Name: repertoire_adaptation repertoire_adaptation_file_id_f7d71490_fk_filer_file_id; Type: FK CONSTRAINT; Schema: public; Owner: postgres
--

ALTER TABLE ONLY public.repertoire_adaptation
    ADD CONSTRAINT repertoire_adaptation_file_id_f7d71490_fk_filer_file_id FOREIGN KEY (file_id) REFERENCES public.filer_file(id) DEFERRABLE INITIALLY DEFERRED;


--
-- Name: repertoire_musicpart repertoire_musicpart_adaptation_id_4aeb302b_fk_repertoir; Type: FK CONSTRAINT; Schema: public; Owner: postgres
--

ALTER TABLE ONLY public.repertoire_musicpart
    ADD CONSTRAINT repertoire_musicpart_adaptation_id_4aeb302b_fk_repertoir FOREIGN KEY (adaptation_id) REFERENCES public.repertoire_adaptation(id) DEFERRABLE INITIALLY DEFERRED;


--
-- Name: repertoire_musicpart repertoire_musicpart_instrument_id_92576b45_fk_equipment; Type: FK CONSTRAINT; Schema: public; Owner: postgres
--

ALTER TABLE ONLY public.repertoire_musicpart
    ADD CONSTRAINT repertoire_musicpart_instrument_id_92576b45_fk_equipment FOREIGN KEY (instrument_id) REFERENCES public.equipment_typeofequipment(name) DEFERRABLE INITIALLY DEFERRED;


--
-- Name: repertoire_musicpart repertoire_musicpart_musical_parts_id_6037b8a4_fk_filer_file_id; Type: FK CONSTRAINT; Schema: public; Owner: postgres
--

ALTER TABLE ONLY public.repertoire_musicpart
    ADD CONSTRAINT repertoire_musicpart_musical_parts_id_6037b8a4_fk_filer_file_id FOREIGN KEY (musical_parts_id) REFERENCES public.filer_file(id) DEFERRABLE INITIALLY DEFERRED;


--
-- Name: repertoire_original_genres repertoire_original__original_id_6b850aa2_fk_repertoir; Type: FK CONSTRAINT; Schema: public; Owner: postgres
--

ALTER TABLE ONLY public.repertoire_original_genres
    ADD CONSTRAINT repertoire_original__original_id_6b850aa2_fk_repertoir FOREIGN KEY (original_id) REFERENCES public.repertoire_original(id) DEFERRABLE INITIALLY DEFERRED;


--
-- Name: repertoire_original_genres repertoire_original_genres_genre_id_611fdf23_fk_home_genre_name; Type: FK CONSTRAINT; Schema: public; Owner: postgres
--

ALTER TABLE ONLY public.repertoire_original_genres
    ADD CONSTRAINT repertoire_original_genres_genre_id_611fdf23_fk_home_genre_name FOREIGN KEY (genre_id) REFERENCES public.home_genre(name) DEFERRABLE INITIALLY DEFERRED;


--
-- Name: schedule_rehearsal schedule_rehearsal_music_band_id_a7ed7d4e_fk_band_musicband_id; Type: FK CONSTRAINT; Schema: public; Owner: postgres
--

ALTER TABLE ONLY public.schedule_rehearsal
    ADD CONSTRAINT schedule_rehearsal_music_band_id_a7ed7d4e_fk_band_musicband_id FOREIGN KEY (music_band_id) REFERENCES public.band_musicband(id) DEFERRABLE INITIALLY DEFERRED;


--
-- Name: schedule_rehearsal_participants schedule_rehearsal_p_rehearsal_id_a15d9596_fk_schedule_; Type: FK CONSTRAINT; Schema: public; Owner: postgres
--

ALTER TABLE ONLY public.schedule_rehearsal_participants
    ADD CONSTRAINT schedule_rehearsal_p_rehearsal_id_a15d9596_fk_schedule_ FOREIGN KEY (rehearsal_id) REFERENCES public.schedule_rehearsal(id) DEFERRABLE INITIALLY DEFERRED;


--
-- Name: schedule_rehearsal_participants schedule_rehearsal_p_user_id_e580a7b7_fk_auth_user; Type: FK CONSTRAINT; Schema: public; Owner: postgres
--

ALTER TABLE ONLY public.schedule_rehearsal_participants
    ADD CONSTRAINT schedule_rehearsal_p_user_id_e580a7b7_fk_auth_user FOREIGN KEY (user_id) REFERENCES public.auth_user(id) DEFERRABLE INITIALLY DEFERRED;


--
-- PostgreSQL database dump complete
--

