--
-- PostgreSQL database dump
--

-- Dumped from database version 15.4
-- Dumped by pg_dump version 15.4

SET statement_timeout = 0;
SET lock_timeout = 0;
SET idle_in_transaction_session_timeout = 0;
SET client_encoding = 'UTF8';
SET standard_conforming_strings = on;
SELECT pg_catalog.set_config('search_path', '', false);
SET check_function_bodies = false;
SET xmloption = content;
SET client_min_messages = warning;
SET row_security = off;

SET default_tablespace = '';

SET default_table_access_method = heap;

--
-- Name: app_auth_customuser; Type: TABLE; Schema: public; Owner: postgres
--

CREATE TABLE public.app_auth_customuser (
    id bigint NOT NULL,
    password character varying(128) NOT NULL,
    last_login timestamp with time zone,
    is_superuser boolean NOT NULL,
    username character varying(150) NOT NULL,
    first_name character varying(150) NOT NULL,
    last_name character varying(150) NOT NULL,
    is_staff boolean NOT NULL,
    is_active boolean NOT NULL,
    date_joined timestamp with time zone NOT NULL,
    phone_number character varying(12) NOT NULL,
    email character varying(255) NOT NULL,
    birthday date NOT NULL,
    sex character varying(1) NOT NULL,
    about text,
    photo_id integer
);


ALTER TABLE public.app_auth_customuser OWNER TO postgres;

--
-- Name: app_auth_customuser_groups; Type: TABLE; Schema: public; Owner: postgres
--

CREATE TABLE public.app_auth_customuser_groups (
    id bigint NOT NULL,
    customuser_id bigint NOT NULL,
    group_id integer NOT NULL
);


ALTER TABLE public.app_auth_customuser_groups OWNER TO postgres;

--
-- Name: app_auth_customuser_groups_id_seq; Type: SEQUENCE; Schema: public; Owner: postgres
--

ALTER TABLE public.app_auth_customuser_groups ALTER COLUMN id ADD GENERATED BY DEFAULT AS IDENTITY (
    SEQUENCE NAME public.app_auth_customuser_groups_id_seq
    START WITH 1
    INCREMENT BY 1
    NO MINVALUE
    NO MAXVALUE
    CACHE 1
);


--
-- Name: app_auth_customuser_id_seq; Type: SEQUENCE; Schema: public; Owner: postgres
--

ALTER TABLE public.app_auth_customuser ALTER COLUMN id ADD GENERATED BY DEFAULT AS IDENTITY (
    SEQUENCE NAME public.app_auth_customuser_id_seq
    START WITH 1
    INCREMENT BY 1
    NO MINVALUE
    NO MAXVALUE
    CACHE 1
);


--
-- Name: app_auth_customuser_skills; Type: TABLE; Schema: public; Owner: postgres
--

CREATE TABLE public.app_auth_customuser_skills (
    id bigint NOT NULL,
    customuser_id bigint NOT NULL,
    skills_id character varying(100) NOT NULL
);


ALTER TABLE public.app_auth_customuser_skills OWNER TO postgres;

--
-- Name: app_auth_customuser_skills_id_seq; Type: SEQUENCE; Schema: public; Owner: postgres
--

ALTER TABLE public.app_auth_customuser_skills ALTER COLUMN id ADD GENERATED BY DEFAULT AS IDENTITY (
    SEQUENCE NAME public.app_auth_customuser_skills_id_seq
    START WITH 1
    INCREMENT BY 1
    NO MINVALUE
    NO MAXVALUE
    CACHE 1
);


--
-- Name: app_auth_customuser_user_permissions; Type: TABLE; Schema: public; Owner: postgres
--

CREATE TABLE public.app_auth_customuser_user_permissions (
    id bigint NOT NULL,
    customuser_id bigint NOT NULL,
    permission_id integer NOT NULL
);


ALTER TABLE public.app_auth_customuser_user_permissions OWNER TO postgres;

--
-- Name: app_auth_customuser_user_permissions_id_seq; Type: SEQUENCE; Schema: public; Owner: postgres
--

ALTER TABLE public.app_auth_customuser_user_permissions ALTER COLUMN id ADD GENERATED BY DEFAULT AS IDENTITY (
    SEQUENCE NAME public.app_auth_customuser_user_permissions_id_seq
    START WITH 1
    INCREMENT BY 1
    NO MINVALUE
    NO MAXVALUE
    CACHE 1
);


--
-- Name: auth_group; Type: TABLE; Schema: public; Owner: postgres
--

CREATE TABLE public.auth_group (
    id integer NOT NULL,
    name character varying(150) NOT NULL
);


ALTER TABLE public.auth_group OWNER TO postgres;

--
-- Name: auth_group_id_seq; Type: SEQUENCE; Schema: public; Owner: postgres
--

ALTER TABLE public.auth_group ALTER COLUMN id ADD GENERATED BY DEFAULT AS IDENTITY (
    SEQUENCE NAME public.auth_group_id_seq
    START WITH 1
    INCREMENT BY 1
    NO MINVALUE
    NO MAXVALUE
    CACHE 1
);


--
-- Name: auth_group_permissions; Type: TABLE; Schema: public; Owner: postgres
--

CREATE TABLE public.auth_group_permissions (
    id bigint NOT NULL,
    group_id integer NOT NULL,
    permission_id integer NOT NULL
);


ALTER TABLE public.auth_group_permissions OWNER TO postgres;

--
-- Name: auth_group_permissions_id_seq; Type: SEQUENCE; Schema: public; Owner: postgres
--

ALTER TABLE public.auth_group_permissions ALTER COLUMN id ADD GENERATED BY DEFAULT AS IDENTITY (
    SEQUENCE NAME public.auth_group_permissions_id_seq
    START WITH 1
    INCREMENT BY 1
    NO MINVALUE
    NO MAXVALUE
    CACHE 1
);


--
-- Name: auth_permission; Type: TABLE; Schema: public; Owner: postgres
--

CREATE TABLE public.auth_permission (
    id integer NOT NULL,
    name character varying(255) NOT NULL,
    content_type_id integer NOT NULL,
    codename character varying(100) NOT NULL
);


ALTER TABLE public.auth_permission OWNER TO postgres;

--
-- Name: auth_permission_id_seq; Type: SEQUENCE; Schema: public; Owner: postgres
--

ALTER TABLE public.auth_permission ALTER COLUMN id ADD GENERATED BY DEFAULT AS IDENTITY (
    SEQUENCE NAME public.auth_permission_id_seq
    START WITH 1
    INCREMENT BY 1
    NO MINVALUE
    NO MAXVALUE
    CACHE 1
);


--
-- Name: auth_user; Type: TABLE; Schema: public; Owner: postgres
--

CREATE TABLE public.auth_user (
    id integer NOT NULL,
    password character varying(128) NOT NULL,
    last_login timestamp with time zone,
    is_superuser boolean NOT NULL,
    username character varying(150) NOT NULL,
    first_name character varying(150) NOT NULL,
    last_name character varying(150) NOT NULL,
    email character varying(254) NOT NULL,
    is_staff boolean NOT NULL,
    is_active boolean NOT NULL,
    date_joined timestamp with time zone NOT NULL
);


ALTER TABLE public.auth_user OWNER TO postgres;

--
-- Name: auth_user_groups; Type: TABLE; Schema: public; Owner: postgres
--

CREATE TABLE public.auth_user_groups (
    id bigint NOT NULL,
    user_id integer NOT NULL,
    group_id integer NOT NULL
);


ALTER TABLE public.auth_user_groups OWNER TO postgres;

--
-- Name: auth_user_groups_id_seq; Type: SEQUENCE; Schema: public; Owner: postgres
--

ALTER TABLE public.auth_user_groups ALTER COLUMN id ADD GENERATED BY DEFAULT AS IDENTITY (
    SEQUENCE NAME public.auth_user_groups_id_seq
    START WITH 1
    INCREMENT BY 1
    NO MINVALUE
    NO MAXVALUE
    CACHE 1
);


--
-- Name: auth_user_id_seq; Type: SEQUENCE; Schema: public; Owner: postgres
--

ALTER TABLE public.auth_user ALTER COLUMN id ADD GENERATED BY DEFAULT AS IDENTITY (
    SEQUENCE NAME public.auth_user_id_seq
    START WITH 1
    INCREMENT BY 1
    NO MINVALUE
    NO MAXVALUE
    CACHE 1
);


--
-- Name: auth_user_user_permissions; Type: TABLE; Schema: public; Owner: postgres
--

CREATE TABLE public.auth_user_user_permissions (
    id bigint NOT NULL,
    user_id integer NOT NULL,
    permission_id integer NOT NULL
);


ALTER TABLE public.auth_user_user_permissions OWNER TO postgres;

--
-- Name: auth_user_user_permissions_id_seq; Type: SEQUENCE; Schema: public; Owner: postgres
--

ALTER TABLE public.auth_user_user_permissions ALTER COLUMN id ADD GENERATED BY DEFAULT AS IDENTITY (
    SEQUENCE NAME public.auth_user_user_permissions_id_seq
    START WITH 1
    INCREMENT BY 1
    NO MINVALUE
    NO MAXVALUE
    CACHE 1
);


--
-- Name: band_musicband; Type: TABLE; Schema: public; Owner: postgres
--

CREATE TABLE public.band_musicband (
    name character varying(100) NOT NULL,
    register_date date NOT NULL,
    url character varying(200),
    leader_id bigint
);


ALTER TABLE public.band_musicband OWNER TO postgres;

--
-- Name: band_musicband_deputy; Type: TABLE; Schema: public; Owner: postgres
--

CREATE TABLE public.band_musicband_deputy (
    id bigint NOT NULL,
    musicband_id character varying(100) NOT NULL,
    customuser_id bigint NOT NULL
);


ALTER TABLE public.band_musicband_deputy OWNER TO postgres;

--
-- Name: band_musicband_deputy_id_seq; Type: SEQUENCE; Schema: public; Owner: postgres
--

ALTER TABLE public.band_musicband_deputy ALTER COLUMN id ADD GENERATED BY DEFAULT AS IDENTITY (
    SEQUENCE NAME public.band_musicband_deputy_id_seq
    START WITH 1
    INCREMENT BY 1
    NO MINVALUE
    NO MAXVALUE
    CACHE 1
);


--
-- Name: band_musicband_members; Type: TABLE; Schema: public; Owner: postgres
--

CREATE TABLE public.band_musicband_members (
    id bigint NOT NULL,
    musicband_id character varying(100) NOT NULL,
    customuser_id bigint NOT NULL
);


ALTER TABLE public.band_musicband_members OWNER TO postgres;

--
-- Name: band_musicband_members_id_seq; Type: SEQUENCE; Schema: public; Owner: postgres
--

ALTER TABLE public.band_musicband_members ALTER COLUMN id ADD GENERATED BY DEFAULT AS IDENTITY (
    SEQUENCE NAME public.band_musicband_members_id_seq
    START WITH 1
    INCREMENT BY 1
    NO MINVALUE
    NO MAXVALUE
    CACHE 1
);


--
-- Name: django_admin_log; Type: TABLE; Schema: public; Owner: postgres
--

CREATE TABLE public.django_admin_log (
    id integer NOT NULL,
    action_time timestamp with time zone NOT NULL,
    object_id text,
    object_repr character varying(200) NOT NULL,
    action_flag smallint NOT NULL,
    change_message text NOT NULL,
    content_type_id integer,
    user_id integer NOT NULL,
    CONSTRAINT django_admin_log_action_flag_check CHECK ((action_flag >= 0))
);


ALTER TABLE public.django_admin_log OWNER TO postgres;

--
-- Name: django_admin_log_id_seq; Type: SEQUENCE; Schema: public; Owner: postgres
--

ALTER TABLE public.django_admin_log ALTER COLUMN id ADD GENERATED BY DEFAULT AS IDENTITY (
    SEQUENCE NAME public.django_admin_log_id_seq
    START WITH 1
    INCREMENT BY 1
    NO MINVALUE
    NO MAXVALUE
    CACHE 1
);


--
-- Name: django_content_type; Type: TABLE; Schema: public; Owner: postgres
--

CREATE TABLE public.django_content_type (
    id integer NOT NULL,
    app_label character varying(100) NOT NULL,
    model character varying(100) NOT NULL
);


ALTER TABLE public.django_content_type OWNER TO postgres;

--
-- Name: django_content_type_id_seq; Type: SEQUENCE; Schema: public; Owner: postgres
--

ALTER TABLE public.django_content_type ALTER COLUMN id ADD GENERATED BY DEFAULT AS IDENTITY (
    SEQUENCE NAME public.django_content_type_id_seq
    START WITH 1
    INCREMENT BY 1
    NO MINVALUE
    NO MAXVALUE
    CACHE 1
);


--
-- Name: django_migrations; Type: TABLE; Schema: public; Owner: postgres
--

CREATE TABLE public.django_migrations (
    id bigint NOT NULL,
    app character varying(255) NOT NULL,
    name character varying(255) NOT NULL,
    applied timestamp with time zone NOT NULL
);


ALTER TABLE public.django_migrations OWNER TO postgres;

--
-- Name: django_migrations_id_seq; Type: SEQUENCE; Schema: public; Owner: postgres
--

ALTER TABLE public.django_migrations ALTER COLUMN id ADD GENERATED BY DEFAULT AS IDENTITY (
    SEQUENCE NAME public.django_migrations_id_seq
    START WITH 1
    INCREMENT BY 1
    NO MINVALUE
    NO MAXVALUE
    CACHE 1
);


--
-- Name: django_session; Type: TABLE; Schema: public; Owner: postgres
--

CREATE TABLE public.django_session (
    session_key character varying(40) NOT NULL,
    session_data text NOT NULL,
    expire_date timestamp with time zone NOT NULL
);


ALTER TABLE public.django_session OWNER TO postgres;

--
-- Name: easy_thumbnails_source; Type: TABLE; Schema: public; Owner: postgres
--

CREATE TABLE public.easy_thumbnails_source (
    id integer NOT NULL,
    storage_hash character varying(40) NOT NULL,
    name character varying(255) NOT NULL,
    modified timestamp with time zone NOT NULL
);


ALTER TABLE public.easy_thumbnails_source OWNER TO postgres;

--
-- Name: easy_thumbnails_source_id_seq; Type: SEQUENCE; Schema: public; Owner: postgres
--

ALTER TABLE public.easy_thumbnails_source ALTER COLUMN id ADD GENERATED BY DEFAULT AS IDENTITY (
    SEQUENCE NAME public.easy_thumbnails_source_id_seq
    START WITH 1
    INCREMENT BY 1
    NO MINVALUE
    NO MAXVALUE
    CACHE 1
);


--
-- Name: easy_thumbnails_thumbnail; Type: TABLE; Schema: public; Owner: postgres
--

CREATE TABLE public.easy_thumbnails_thumbnail (
    id integer NOT NULL,
    storage_hash character varying(40) NOT NULL,
    name character varying(255) NOT NULL,
    modified timestamp with time zone NOT NULL,
    source_id integer NOT NULL
);


ALTER TABLE public.easy_thumbnails_thumbnail OWNER TO postgres;

--
-- Name: easy_thumbnails_thumbnail_id_seq; Type: SEQUENCE; Schema: public; Owner: postgres
--

ALTER TABLE public.easy_thumbnails_thumbnail ALTER COLUMN id ADD GENERATED BY DEFAULT AS IDENTITY (
    SEQUENCE NAME public.easy_thumbnails_thumbnail_id_seq
    START WITH 1
    INCREMENT BY 1
    NO MINVALUE
    NO MAXVALUE
    CACHE 1
);


--
-- Name: easy_thumbnails_thumbnaildimensions; Type: TABLE; Schema: public; Owner: postgres
--

CREATE TABLE public.easy_thumbnails_thumbnaildimensions (
    id integer NOT NULL,
    thumbnail_id integer NOT NULL,
    width integer,
    height integer,
    CONSTRAINT easy_thumbnails_thumbnaildimensions_height_check CHECK ((height >= 0)),
    CONSTRAINT easy_thumbnails_thumbnaildimensions_width_check CHECK ((width >= 0))
);


ALTER TABLE public.easy_thumbnails_thumbnaildimensions OWNER TO postgres;

--
-- Name: easy_thumbnails_thumbnaildimensions_id_seq; Type: SEQUENCE; Schema: public; Owner: postgres
--

ALTER TABLE public.easy_thumbnails_thumbnaildimensions ALTER COLUMN id ADD GENERATED BY DEFAULT AS IDENTITY (
    SEQUENCE NAME public.easy_thumbnails_thumbnaildimensions_id_seq
    START WITH 1
    INCREMENT BY 1
    NO MINVALUE
    NO MAXVALUE
    CACHE 1
);


--
-- Name: equipment_equipment; Type: TABLE; Schema: public; Owner: postgres
--

CREATE TABLE public.equipment_equipment (
    id bigint NOT NULL,
    name character varying(200) NOT NULL,
    state character varying(5) NOT NULL,
    description text,
    register_date timestamp with time zone NOT NULL,
    owner_id bigint,
    music_band_id character varying(100)
);


ALTER TABLE public.equipment_equipment OWNER TO postgres;

--
-- Name: equipment_equipment_id_seq; Type: SEQUENCE; Schema: public; Owner: postgres
--

ALTER TABLE public.equipment_equipment ALTER COLUMN id ADD GENERATED BY DEFAULT AS IDENTITY (
    SEQUENCE NAME public.equipment_equipment_id_seq
    START WITH 1
    INCREMENT BY 1
    NO MINVALUE
    NO MAXVALUE
    CACHE 1
);


--
-- Name: event_event; Type: TABLE; Schema: public; Owner: postgres
--

CREATE TABLE public.event_event (
    id bigint NOT NULL,
    name character varying(100) NOT NULL,
    start_datetime timestamp with time zone NOT NULL,
    place character varying(100) NOT NULL,
    end_datetime timestamp with time zone,
    description text,
    level character varying(1) NOT NULL,
    sponsor character varying(100)
);


ALTER TABLE public.event_event OWNER TO postgres;

--
-- Name: event_event_id_seq; Type: SEQUENCE; Schema: public; Owner: postgres
--

ALTER TABLE public.event_event ALTER COLUMN id ADD GENERATED BY DEFAULT AS IDENTITY (
    SEQUENCE NAME public.event_event_id_seq
    START WITH 1
    INCREMENT BY 1
    NO MINVALUE
    NO MAXVALUE
    CACHE 1
);


--
-- Name: event_performance; Type: TABLE; Schema: public; Owner: postgres
--

CREATE TABLE public.event_performance (
    id bigint NOT NULL,
    composition_id bigint NOT NULL,
    event_id bigint NOT NULL,
    music_band_id character varying(100) NOT NULL
);


ALTER TABLE public.event_performance OWNER TO postgres;

--
-- Name: event_performance_artists; Type: TABLE; Schema: public; Owner: postgres
--

CREATE TABLE public.event_performance_artists (
    id bigint NOT NULL,
    performance_id bigint NOT NULL,
    customuser_id bigint NOT NULL
);


ALTER TABLE public.event_performance_artists OWNER TO postgres;

--
-- Name: event_performance_artists_id_seq; Type: SEQUENCE; Schema: public; Owner: postgres
--

ALTER TABLE public.event_performance_artists ALTER COLUMN id ADD GENERATED BY DEFAULT AS IDENTITY (
    SEQUENCE NAME public.event_performance_artists_id_seq
    START WITH 1
    INCREMENT BY 1
    NO MINVALUE
    NO MAXVALUE
    CACHE 1
);


--
-- Name: event_performance_id_seq; Type: SEQUENCE; Schema: public; Owner: postgres
--

ALTER TABLE public.event_performance ALTER COLUMN id ADD GENERATED BY DEFAULT AS IDENTITY (
    SEQUENCE NAME public.event_performance_id_seq
    START WITH 1
    INCREMENT BY 1
    NO MINVALUE
    NO MAXVALUE
    CACHE 1
);


--
-- Name: filer_clipboard; Type: TABLE; Schema: public; Owner: postgres
--

CREATE TABLE public.filer_clipboard (
    id integer NOT NULL,
    user_id integer NOT NULL
);


ALTER TABLE public.filer_clipboard OWNER TO postgres;

--
-- Name: filer_clipboard_id_seq; Type: SEQUENCE; Schema: public; Owner: postgres
--

ALTER TABLE public.filer_clipboard ALTER COLUMN id ADD GENERATED BY DEFAULT AS IDENTITY (
    SEQUENCE NAME public.filer_clipboard_id_seq
    START WITH 1
    INCREMENT BY 1
    NO MINVALUE
    NO MAXVALUE
    CACHE 1
);


--
-- Name: filer_clipboarditem; Type: TABLE; Schema: public; Owner: postgres
--

CREATE TABLE public.filer_clipboarditem (
    id integer NOT NULL,
    clipboard_id integer NOT NULL,
    file_id integer NOT NULL
);


ALTER TABLE public.filer_clipboarditem OWNER TO postgres;

--
-- Name: filer_clipboarditem_id_seq; Type: SEQUENCE; Schema: public; Owner: postgres
--

ALTER TABLE public.filer_clipboarditem ALTER COLUMN id ADD GENERATED BY DEFAULT AS IDENTITY (
    SEQUENCE NAME public.filer_clipboarditem_id_seq
    START WITH 1
    INCREMENT BY 1
    NO MINVALUE
    NO MAXVALUE
    CACHE 1
);


--
-- Name: filer_file; Type: TABLE; Schema: public; Owner: postgres
--

CREATE TABLE public.filer_file (
    id integer NOT NULL,
    file character varying(255),
    _file_size bigint,
    sha1 character varying(40) NOT NULL,
    has_all_mandatory_data boolean NOT NULL,
    original_filename character varying(255),
    name character varying(255) NOT NULL,
    description text,
    uploaded_at timestamp with time zone NOT NULL,
    modified_at timestamp with time zone NOT NULL,
    is_public boolean NOT NULL,
    folder_id integer,
    owner_id integer,
    polymorphic_ctype_id integer,
    mime_type character varying(255) NOT NULL
);


ALTER TABLE public.filer_file OWNER TO postgres;

--
-- Name: filer_file_id_seq; Type: SEQUENCE; Schema: public; Owner: postgres
--

ALTER TABLE public.filer_file ALTER COLUMN id ADD GENERATED BY DEFAULT AS IDENTITY (
    SEQUENCE NAME public.filer_file_id_seq
    START WITH 1
    INCREMENT BY 1
    NO MINVALUE
    NO MAXVALUE
    CACHE 1
);


--
-- Name: filer_folder; Type: TABLE; Schema: public; Owner: postgres
--

CREATE TABLE public.filer_folder (
    id integer NOT NULL,
    name character varying(255) NOT NULL,
    uploaded_at timestamp with time zone NOT NULL,
    created_at timestamp with time zone NOT NULL,
    modified_at timestamp with time zone NOT NULL,
    owner_id integer,
    parent_id integer
);


ALTER TABLE public.filer_folder OWNER TO postgres;

--
-- Name: filer_folder_id_seq; Type: SEQUENCE; Schema: public; Owner: postgres
--

ALTER TABLE public.filer_folder ALTER COLUMN id ADD GENERATED BY DEFAULT AS IDENTITY (
    SEQUENCE NAME public.filer_folder_id_seq
    START WITH 1
    INCREMENT BY 1
    NO MINVALUE
    NO MAXVALUE
    CACHE 1
);


--
-- Name: filer_folderpermission; Type: TABLE; Schema: public; Owner: postgres
--

CREATE TABLE public.filer_folderpermission (
    id integer NOT NULL,
    type smallint NOT NULL,
    everybody boolean NOT NULL,
    can_edit smallint,
    can_read smallint,
    can_add_children smallint,
    folder_id integer,
    group_id integer,
    user_id integer
);


ALTER TABLE public.filer_folderpermission OWNER TO postgres;

--
-- Name: filer_folderpermission_id_seq; Type: SEQUENCE; Schema: public; Owner: postgres
--

ALTER TABLE public.filer_folderpermission ALTER COLUMN id ADD GENERATED BY DEFAULT AS IDENTITY (
    SEQUENCE NAME public.filer_folderpermission_id_seq
    START WITH 1
    INCREMENT BY 1
    NO MINVALUE
    NO MAXVALUE
    CACHE 1
);


--
-- Name: filer_image; Type: TABLE; Schema: public; Owner: postgres
--

CREATE TABLE public.filer_image (
    file_ptr_id integer NOT NULL,
    _height double precision,
    _width double precision,
    date_taken timestamp with time zone,
    default_alt_text character varying(255),
    default_caption character varying(255),
    author character varying(255),
    must_always_publish_author_credit boolean NOT NULL,
    must_always_publish_copyright boolean NOT NULL,
    subject_location character varying(64) NOT NULL,
    _transparent boolean NOT NULL
);


ALTER TABLE public.filer_image OWNER TO postgres;

--
-- Name: filer_thumbnailoption; Type: TABLE; Schema: public; Owner: postgres
--

CREATE TABLE public.filer_thumbnailoption (
    id integer NOT NULL,
    name character varying(100) NOT NULL,
    width integer NOT NULL,
    height integer NOT NULL,
    crop boolean NOT NULL,
    upscale boolean NOT NULL
);


ALTER TABLE public.filer_thumbnailoption OWNER TO postgres;

--
-- Name: filer_thumbnailoption_id_seq; Type: SEQUENCE; Schema: public; Owner: postgres
--

ALTER TABLE public.filer_thumbnailoption ALTER COLUMN id ADD GENERATED BY DEFAULT AS IDENTITY (
    SEQUENCE NAME public.filer_thumbnailoption_id_seq
    START WITH 1
    INCREMENT BY 1
    NO MINVALUE
    NO MAXVALUE
    CACHE 1
);


--
-- Name: home_skills; Type: TABLE; Schema: public; Owner: postgres
--

CREATE TABLE public.home_skills (
    name character varying(100) NOT NULL
);


ALTER TABLE public.home_skills OWNER TO postgres;

--
-- Name: repertoire_adaptation; Type: TABLE; Schema: public; Owner: postgres
--

CREATE TABLE public.repertoire_adaptation (
    id bigint NOT NULL,
    duration interval,
    file_id integer,
    musical_parts_id integer,
    music_band_id character varying(100) NOT NULL,
    original_id bigint NOT NULL
);


ALTER TABLE public.repertoire_adaptation OWNER TO postgres;

--
-- Name: repertoire_adaptation_genres; Type: TABLE; Schema: public; Owner: postgres
--

CREATE TABLE public.repertoire_adaptation_genres (
    id bigint NOT NULL,
    adaptation_id bigint NOT NULL,
    genre_id character varying(100) NOT NULL
);


ALTER TABLE public.repertoire_adaptation_genres OWNER TO postgres;

--
-- Name: repertoire_adaptation_genres_id_seq; Type: SEQUENCE; Schema: public; Owner: postgres
--

ALTER TABLE public.repertoire_adaptation_genres ALTER COLUMN id ADD GENERATED BY DEFAULT AS IDENTITY (
    SEQUENCE NAME public.repertoire_adaptation_genres_id_seq
    START WITH 1
    INCREMENT BY 1
    NO MINVALUE
    NO MAXVALUE
    CACHE 1
);


--
-- Name: repertoire_adaptation_id_seq; Type: SEQUENCE; Schema: public; Owner: postgres
--

ALTER TABLE public.repertoire_adaptation ALTER COLUMN id ADD GENERATED BY DEFAULT AS IDENTITY (
    SEQUENCE NAME public.repertoire_adaptation_id_seq
    START WITH 1
    INCREMENT BY 1
    NO MINVALUE
    NO MAXVALUE
    CACHE 1
);


--
-- Name: repertoire_author; Type: TABLE; Schema: public; Owner: postgres
--

CREATE TABLE public.repertoire_author (
    name character varying(100) NOT NULL
);


ALTER TABLE public.repertoire_author OWNER TO postgres;

--
-- Name: repertoire_author_genres; Type: TABLE; Schema: public; Owner: postgres
--

CREATE TABLE public.repertoire_author_genres (
    id bigint NOT NULL,
    author_id character varying(100) NOT NULL,
    genre_id character varying(100) NOT NULL
);


ALTER TABLE public.repertoire_author_genres OWNER TO postgres;

--
-- Name: repertoire_author_genres_id_seq; Type: SEQUENCE; Schema: public; Owner: postgres
--

ALTER TABLE public.repertoire_author_genres ALTER COLUMN id ADD GENERATED BY DEFAULT AS IDENTITY (
    SEQUENCE NAME public.repertoire_author_genres_id_seq
    START WITH 1
    INCREMENT BY 1
    NO MINVALUE
    NO MAXVALUE
    CACHE 1
);


--
-- Name: repertoire_composition; Type: TABLE; Schema: public; Owner: postgres
--

CREATE TABLE public.repertoire_composition (
    id bigint NOT NULL,
    name character varying(100) NOT NULL,
    create_date timestamp with time zone,
    release_date timestamp with time zone,
    duration interval,
    author_id character varying(100) NOT NULL
);


ALTER TABLE public.repertoire_composition OWNER TO postgres;

--
-- Name: repertoire_composition_genres; Type: TABLE; Schema: public; Owner: postgres
--

CREATE TABLE public.repertoire_composition_genres (
    id bigint NOT NULL,
    composition_id bigint NOT NULL,
    genre_id character varying(100) NOT NULL
);


ALTER TABLE public.repertoire_composition_genres OWNER TO postgres;

--
-- Name: repertoire_composition_genres_id_seq; Type: SEQUENCE; Schema: public; Owner: postgres
--

ALTER TABLE public.repertoire_composition_genres ALTER COLUMN id ADD GENERATED BY DEFAULT AS IDENTITY (
    SEQUENCE NAME public.repertoire_composition_genres_id_seq
    START WITH 1
    INCREMENT BY 1
    NO MINVALUE
    NO MAXVALUE
    CACHE 1
);


--
-- Name: repertoire_composition_id_seq; Type: SEQUENCE; Schema: public; Owner: postgres
--

ALTER TABLE public.repertoire_composition ALTER COLUMN id ADD GENERATED BY DEFAULT AS IDENTITY (
    SEQUENCE NAME public.repertoire_composition_id_seq
    START WITH 1
    INCREMENT BY 1
    NO MINVALUE
    NO MAXVALUE
    CACHE 1
);


--
-- Name: repertoire_genre; Type: TABLE; Schema: public; Owner: postgres
--

CREATE TABLE public.repertoire_genre (
    name character varying(100) NOT NULL
);


ALTER TABLE public.repertoire_genre OWNER TO postgres;

--
-- Name: repertoire_original; Type: TABLE; Schema: public; Owner: postgres
--

CREATE TABLE public.repertoire_original (
    id bigint NOT NULL,
    title character varying(100) NOT NULL,
    author character varying(100) NOT NULL,
    release_date timestamp with time zone,
    duration interval
);


ALTER TABLE public.repertoire_original OWNER TO postgres;

--
-- Name: repertoire_original_genres; Type: TABLE; Schema: public; Owner: postgres
--

CREATE TABLE public.repertoire_original_genres (
    id bigint NOT NULL,
    original_id bigint NOT NULL,
    genre_id character varying(100) NOT NULL
);


ALTER TABLE public.repertoire_original_genres OWNER TO postgres;

--
-- Name: repertoire_original_genres_id_seq; Type: SEQUENCE; Schema: public; Owner: postgres
--

ALTER TABLE public.repertoire_original_genres ALTER COLUMN id ADD GENERATED BY DEFAULT AS IDENTITY (
    SEQUENCE NAME public.repertoire_original_genres_id_seq
    START WITH 1
    INCREMENT BY 1
    NO MINVALUE
    NO MAXVALUE
    CACHE 1
);


--
-- Name: repertoire_original_id_seq; Type: SEQUENCE; Schema: public; Owner: postgres
--

ALTER TABLE public.repertoire_original ALTER COLUMN id ADD GENERATED BY DEFAULT AS IDENTITY (
    SEQUENCE NAME public.repertoire_original_id_seq
    START WITH 1
    INCREMENT BY 1
    NO MINVALUE
    NO MAXVALUE
    CACHE 1
);


--
-- Name: schedule_rehearsal; Type: TABLE; Schema: public; Owner: postgres
--

CREATE TABLE public.schedule_rehearsal (
    id bigint NOT NULL,
    start_date timestamp with time zone NOT NULL,
    end_time timestamp with time zone,
    description text,
    music_band_id character varying(100) NOT NULL
);


ALTER TABLE public.schedule_rehearsal OWNER TO postgres;

--
-- Name: schedule_rehearsal_id_seq; Type: SEQUENCE; Schema: public; Owner: postgres
--

ALTER TABLE public.schedule_rehearsal ALTER COLUMN id ADD GENERATED BY DEFAULT AS IDENTITY (
    SEQUENCE NAME public.schedule_rehearsal_id_seq
    START WITH 1
    INCREMENT BY 1
    NO MINVALUE
    NO MAXVALUE
    CACHE 1
);


--
-- Name: schedule_rehearsal_participants; Type: TABLE; Schema: public; Owner: postgres
--

CREATE TABLE public.schedule_rehearsal_participants (
    id bigint NOT NULL,
    rehearsal_id bigint NOT NULL,
    customuser_id bigint NOT NULL
);


ALTER TABLE public.schedule_rehearsal_participants OWNER TO postgres;

--
-- Name: schedule_rehearsal_participants_id_seq; Type: SEQUENCE; Schema: public; Owner: postgres
--

ALTER TABLE public.schedule_rehearsal_participants ALTER COLUMN id ADD GENERATED BY DEFAULT AS IDENTITY (
    SEQUENCE NAME public.schedule_rehearsal_participants_id_seq
    START WITH 1
    INCREMENT BY 1
    NO MINVALUE
    NO MAXVALUE
    CACHE 1
);


--
-- Data for Name: app_auth_customuser; Type: TABLE DATA; Schema: public; Owner: postgres
--

COPY public.app_auth_customuser (id, password, last_login, is_superuser, username, first_name, last_name, is_staff, is_active, date_joined, phone_number, email, birthday, sex, about, photo_id) FROM stdin;
11	123456	\N	f	luzinsanx			f	t	2023-06-16 00:00:00+07		luzinsan@mail.ru	2003-11-16	f	\N	\N
13	123456	\N	f	shimkha			f	t	2023-06-16 00:00:00+07		shimkha@gmail.ru	2001-01-15	m	\N	\N
14	123456	\N	f	kilina			f	t	2023-06-16 00:00:00+07		kilina@mail.ru	2002-03-02	f	\N	\N
16	123456	\N	f	krokha			f	t	2023-06-16 00:00:00+07		krokha@mail.ru	2003-09-18	f	\N	\N
17	123456	\N	f	tsymbalov			f	t	2023-06-16 00:00:00+07		tsymbalov@mail.ru	2002-10-30	m	\N	\N
18	123456	\N	f	bekrenev			f	t	2023-06-16 00:00:00+07		bekrenev@mail.ru	2002-10-30	m	\N	\N
19	123456	\N	f	chernyshov			f	t	2023-06-16 00:00:00+07		chernyshov@mail.ru	2002-10-30	m	\N	\N
20	123456	\N	f	bukharov			f	t	2023-06-16 00:00:00+07		bukharov@mail.ru	2002-10-30	m	\N	\N
21	123456	\N	f	bedarev			f	t	2023-06-16 00:00:00+07		bedarev@mail.ru	2002-10-30	m	\N	\N
22	123	\N	f	malygin			f	t	2023-11-16 04:27:31+07		malygin@mail.ru	2003-10-15	m		\N
12	123456	\N	t	starodubtsev			f	t	2023-06-16 00:00:00+07		starodubtsev@mail.ru	2002-06-30	m		\N
23	123456	\N	f	pohila	Похила	Елизавета	f	t	2023-11-17 03:24:24+07		pohila@mail.ru	2003-11-17	f		\N
\.


--
-- Data for Name: app_auth_customuser_groups; Type: TABLE DATA; Schema: public; Owner: postgres
--

COPY public.app_auth_customuser_groups (id, customuser_id, group_id) FROM stdin;
\.


--
-- Data for Name: app_auth_customuser_skills; Type: TABLE DATA; Schema: public; Owner: postgres
--

COPY public.app_auth_customuser_skills (id, customuser_id, skills_id) FROM stdin;
1	23	Вокалист
\.


--
-- Data for Name: app_auth_customuser_user_permissions; Type: TABLE DATA; Schema: public; Owner: postgres
--

COPY public.app_auth_customuser_user_permissions (id, customuser_id, permission_id) FROM stdin;
\.


--
-- Data for Name: auth_group; Type: TABLE DATA; Schema: public; Owner: postgres
--

COPY public.auth_group (id, name) FROM stdin;
\.


--
-- Data for Name: auth_group_permissions; Type: TABLE DATA; Schema: public; Owner: postgres
--

COPY public.auth_group_permissions (id, group_id, permission_id) FROM stdin;
\.


--
-- Data for Name: auth_permission; Type: TABLE DATA; Schema: public; Owner: postgres
--

COPY public.auth_permission (id, name, content_type_id, codename) FROM stdin;
1	Can add log entry	1	add_logentry
2	Can change log entry	1	change_logentry
3	Can delete log entry	1	delete_logentry
4	Can view log entry	1	view_logentry
5	Can add permission	2	add_permission
6	Can change permission	2	change_permission
7	Can delete permission	2	delete_permission
8	Can view permission	2	view_permission
9	Can add group	3	add_group
10	Can change group	3	change_group
11	Can delete group	3	delete_group
12	Can view group	3	view_group
13	Can add user	4	add_user
14	Can change user	4	change_user
15	Can delete user	4	delete_user
16	Can view user	4	view_user
17	Can add content type	5	add_contenttype
18	Can change content type	5	change_contenttype
19	Can delete content type	5	delete_contenttype
20	Can view content type	5	view_contenttype
21	Can add session	6	add_session
22	Can change session	6	change_session
23	Can delete session	6	delete_session
24	Can view session	6	view_session
25	Can add source	7	add_source
26	Can change source	7	change_source
27	Can delete source	7	delete_source
28	Can view source	7	view_source
29	Can add thumbnail	8	add_thumbnail
30	Can change thumbnail	8	change_thumbnail
31	Can delete thumbnail	8	delete_thumbnail
32	Can view thumbnail	8	view_thumbnail
33	Can add thumbnail dimensions	9	add_thumbnaildimensions
34	Can change thumbnail dimensions	9	change_thumbnaildimensions
35	Can delete thumbnail dimensions	9	delete_thumbnaildimensions
36	Can view thumbnail dimensions	9	view_thumbnaildimensions
37	Can add clipboard	10	add_clipboard
38	Can change clipboard	10	change_clipboard
39	Can delete clipboard	10	delete_clipboard
40	Can view clipboard	10	view_clipboard
41	Can add clipboard item	11	add_clipboarditem
42	Can change clipboard item	11	change_clipboarditem
43	Can delete clipboard item	11	delete_clipboarditem
44	Can view clipboard item	11	view_clipboarditem
45	Can add file	12	add_file
46	Can change file	12	change_file
47	Can delete file	12	delete_file
48	Can view file	12	view_file
49	Can add Folder	13	add_folder
50	Can change Folder	13	change_folder
51	Can delete Folder	13	delete_folder
52	Can view Folder	13	view_folder
53	Can use directory listing	13	can_use_directory_listing
54	Can add folder permission	14	add_folderpermission
55	Can change folder permission	14	change_folderpermission
56	Can delete folder permission	14	delete_folderpermission
57	Can view folder permission	14	view_folderpermission
58	Can add image	15	add_image
59	Can change image	15	change_image
60	Can delete image	15	delete_image
61	Can view image	15	view_image
62	Can add thumbnail option	16	add_thumbnailoption
63	Can change thumbnail option	16	change_thumbnailoption
64	Can delete thumbnail option	16	delete_thumbnailoption
65	Can view thumbnail option	16	view_thumbnailoption
66	Can add Профиль	17	add_customuser
67	Can change Профиль	17	change_customuser
68	Can delete Профиль	17	delete_customuser
69	Can view Профиль	17	view_customuser
70	Can add music band	18	add_musicband
71	Can change music band	18	change_musicband
72	Can delete music band	18	delete_musicband
73	Can view music band	18	view_musicband
74	Can add skills	19	add_skills
75	Can change skills	19	change_skills
76	Can delete skills	19	delete_skills
77	Can view skills	19	view_skills
78	Can add equipment	20	add_equipment
79	Can change equipment	20	change_equipment
80	Can delete equipment	20	delete_equipment
81	Can view equipment	20	view_equipment
82	Can add genre	21	add_genre
83	Can change genre	21	change_genre
84	Can delete genre	21	delete_genre
85	Can view genre	21	view_genre
86	Can add original	22	add_original
87	Can change original	22	change_original
88	Can delete original	22	delete_original
89	Can view original	22	view_original
90	Can add adaptation	23	add_adaptation
91	Can change adaptation	23	change_adaptation
92	Can delete adaptation	23	delete_adaptation
93	Can view adaptation	23	view_adaptation
94	Can add event	24	add_event
95	Can change event	24	change_event
96	Can delete event	24	delete_event
97	Can view event	24	view_event
98	Can add performance	25	add_performance
99	Can change performance	25	change_performance
100	Can delete performance	25	delete_performance
101	Can view performance	25	view_performance
102	Can add rehearsal	26	add_rehearsal
103	Can change rehearsal	26	change_rehearsal
104	Can delete rehearsal	26	delete_rehearsal
105	Can view rehearsal	26	view_rehearsal
\.


--
-- Data for Name: auth_user; Type: TABLE DATA; Schema: public; Owner: postgres
--

COPY public.auth_user (id, password, last_login, is_superuser, username, first_name, last_name, email, is_staff, is_active, date_joined) FROM stdin;
1	pbkdf2_sha256$600000$ZPjHy8P0RJbPgqNdSOmi5N$7xHoJJS46siirc85wc2iIKvpHV8/4ueMnjhTxBonYX8=	2023-11-17 02:00:51.770083+07	t	luzinsan			luzinsan@mail.ru	t	t	2023-11-16 19:26:09.439072+07
4	pbkdf2_sha256$600000$HjDlZfZcu5yVt4BRQ3jzT5$i2eADvpb6ELnacxFavupoekZZuegg4kKvm77InoyzrA=	\N	t	starodubcev				t	t	2023-11-17 03:11:40+07
\.


--
-- Data for Name: auth_user_groups; Type: TABLE DATA; Schema: public; Owner: postgres
--

COPY public.auth_user_groups (id, user_id, group_id) FROM stdin;
\.


--
-- Data for Name: auth_user_user_permissions; Type: TABLE DATA; Schema: public; Owner: postgres
--

COPY public.auth_user_user_permissions (id, user_id, permission_id) FROM stdin;
\.


--
-- Data for Name: band_musicband; Type: TABLE DATA; Schema: public; Owner: postgres
--

COPY public.band_musicband (name, register_date, url, leader_id) FROM stdin;
Ad Astra	2023-11-17	\N	12
\.


--
-- Data for Name: band_musicband_deputy; Type: TABLE DATA; Schema: public; Owner: postgres
--

COPY public.band_musicband_deputy (id, musicband_id, customuser_id) FROM stdin;
2	Ad Astra	13
\.


--
-- Data for Name: band_musicband_members; Type: TABLE DATA; Schema: public; Owner: postgres
--

COPY public.band_musicband_members (id, musicband_id, customuser_id) FROM stdin;
3	Ad Astra	11
4	Ad Astra	14
5	Ad Astra	16
6	Ad Astra	17
7	Ad Astra	18
8	Ad Astra	19
9	Ad Astra	20
10	Ad Astra	21
11	Ad Astra	22
12	Ad Astra	23
\.


--
-- Data for Name: django_admin_log; Type: TABLE DATA; Schema: public; Owner: postgres
--

COPY public.django_admin_log (id, action_time, object_id, object_repr, action_flag, change_message, content_type_id, user_id) FROM stdin;
1	2023-11-16 19:27:18.981292+07	The Beatles	The Beatles	1	[{"added": {}}]	11	1
2	2023-11-16 19:27:48.040737+07	1	Let It Be	1	[{"added": {}}]	13	1
69	2023-11-17 02:02:22.794869+07	Рок	Genre object (Рок)	1	[{"added": {}}]	21	1
70	2023-11-17 02:02:25.019298+07	1	Numb/Linkin Park	1	[{"added": {}}]	22	1
71	2023-11-17 02:03:02.292308+07	1	Numb/Linkin Park|Ad Astra	1	[{"added": {}}]	23	1
72	2023-11-17 02:03:10.110418+07	1	Numb/Linkin Park|Ad Astra	2	[{"changed": {"fields": ["Genres"]}}]	23	1
73	2023-11-17 02:03:39.050237+07	Классическая	Genre object (Классическая)	1	[{"added": {}}]	21	1
74	2023-11-17 02:03:42.988305+07	2	Вальс ля минор/Шопен	1	[{"added": {}}]	22	1
75	2023-11-17 02:03:49.530457+07	2	Вальс ля минор/Шопен|Ad Astra	1	[{"added": {}}]	23	1
76	2023-11-17 02:03:54.727054+07	2	Вальс ля минор/Шопен|Ad Astra	2	[{"changed": {"fields": ["Genres"]}}]	23	1
77	2023-11-17 02:13:58.463457+07	1	Ad Astra/2023-11-17 02:13:57+07:00	1	[{"added": {}}]	25	1
78	2023-11-17 02:14:18.992501+07	3	Numb/Linkin Park|Ad Astra	1	[{"added": {}}]	23	1
79	2023-11-17 02:14:48.749117+07	4	Вальс ля минор/Шопен|Ad Astra	1	[{"added": {}}]	23	1
80	2023-11-17 02:15:18.149861+07	2	Ad Astra/2023-11-30 18:00:00+07:00	1	[{"added": {}}]	25	1
81	2023-11-17 02:27:19.439307+07	10	Электрогитара 2	2	[]	20	1
82	2023-11-17 02:27:25.598002+07	10	Электрогитара 2_	2	[{"changed": {"fields": ["Name"]}}]	20	1
83	2023-11-17 02:27:59.424102+07	10	Электрогитара 2	2	[{"changed": {"fields": ["Name"]}}]	20	1
84	2023-11-17 03:10:11.26947+07	5	Numb/Linkin Park|Ad Astra	1	[{"added": {}}]	23	1
85	2023-11-17 03:10:17.359046+07	6	Вальс ля минор/Шопен|Ad Astra	1	[{"added": {}}]	23	1
86	2023-11-17 03:10:45.451485+07	12	starodubtsev	2	[{"changed": {"fields": ["Superuser status"]}}]	17	1
87	2023-11-17 03:11:40.366145+07	4	starodubcev	1	[{"added": {}}]	4	1
88	2023-11-17 03:12:01.478553+07	4	starodubcev	2	[]	4	1
89	2023-11-17 03:12:09.657732+07	4	starodubcev	2	[{"changed": {"fields": ["Staff status", "Superuser status"]}}]	4	1
90	2023-11-17 03:14:25.085462+07	3	Студвесна|2023-05-10 18:00:00+07:00	1	[{"added": {}}]	24	1
91	2023-11-17 03:14:33.310858+07	3	Студвесна|2023-05-10 18:00:00+07:00	2	[]	24	1
92	2023-11-17 03:15:45.169149+07	3	Студвесна|2023-05-10 18:00:00+07:00	2	[{"changed": {"fields": ["Sponsor"]}}]	24	1
93	2023-11-17 03:16:35.03826+07	3	Студвесна|2023-05-10 11:00:00+00:00	3		24	1
94	2023-11-17 03:19:12.138347+07	5	Студвесна|2023-05-10 18:00:00+07:00	1	[{"added": {}}]	24	1
95	2023-11-17 03:20:33.847415+07	7	Numb/Linkin Park|Ad Astra	1	[{"added": {}}]	23	1
96	2023-11-17 03:20:40.54954+07	8	Вальс ля минор/Шопен|Ad Astra	1	[{"added": {}}]	23	1
97	2023-11-17 03:21:31.12025+07	3	Вариации на тему Паганини/Выгодский	1	[{"added": {}}]	22	1
98	2023-11-17 03:21:47.095983+07	9	Вариации на тему Паганини/Выгодский|Ad Astra	1	[{"added": {}}]	23	1
99	2023-11-17 03:22:02.377349+07	1	Студвесна|2023-05-10 11:00:00+00:00|Вариации на тему Паганини/Выгодский|Ad Astra|Ad Astra	1	[{"added": {}}]	25	1
100	2023-11-17 03:23:03.454272+07	6	Исторический Бал|2023-11-14 17:30:00+07:00	1	[{"added": {}}]	24	1
101	2023-11-17 03:23:08.645961+07	1	Исторический Бал|2023-11-14 10:30:00+00:00|Вариации на тему Паганини/Выгодский|Ad Astra|Ad Astra	2	[{"changed": {"fields": ["Event"]}}]	25	1
102	2023-11-17 03:23:53.952336+07	7	ТУСУР ВЗВУКЕ|2023-11-09 18:00:00+07:00	1	[{"added": {}}]	24	1
103	2023-11-17 03:25:29.367634+07	23	pohila	1	[{"added": {}}]	17	1
104	2023-11-17 03:25:38.162061+07	2	ТУСУР ВЗВУКЕ|2023-11-09 11:00:00+00:00|Numb/Linkin Park|Ad Astra|Ad Astra	1	[{"added": {}}]	25	1
105	2023-11-17 03:25:59.764417+07	Ad Astra	Ad Astra	2	[{"changed": {"fields": ["Members"]}}]	18	1
106	2023-11-17 03:26:25.549817+07	2	ТУСУР ВЗВУКЕ|2023-11-09 11:00:00+00:00|Numb/Linkin Park|Ad Astra|Ad Astra	2	[]	25	1
\.


--
-- Data for Name: django_content_type; Type: TABLE DATA; Schema: public; Owner: postgres
--

COPY public.django_content_type (id, app_label, model) FROM stdin;
1	admin	logentry
2	auth	permission
3	auth	group
4	auth	user
5	contenttypes	contenttype
6	sessions	session
7	easy_thumbnails	source
8	easy_thumbnails	thumbnail
9	easy_thumbnails	thumbnaildimensions
10	filer	clipboard
11	filer	clipboarditem
12	filer	file
13	filer	folder
14	filer	folderpermission
15	filer	image
16	filer	thumbnailoption
17	app_auth	customuser
18	band	musicband
19	home	skills
20	equipment	equipment
21	repertoire	genre
22	repertoire	original
23	repertoire	adaptation
24	event	event
25	event	performance
26	schedule	rehearsal
\.


--
-- Data for Name: django_migrations; Type: TABLE DATA; Schema: public; Owner: postgres
--

COPY public.django_migrations (id, app, name, applied) FROM stdin;
1	contenttypes	0001_initial	2023-11-17 03:18:20.539379+07
2	auth	0001_initial	2023-11-17 03:18:20.641315+07
3	admin	0001_initial	2023-11-17 03:18:20.673882+07
4	admin	0002_logentry_remove_auto_add	2023-11-17 03:18:20.681551+07
5	admin	0003_logentry_add_action_flag_choices	2023-11-17 03:18:20.689398+07
6	filer	0001_initial	2023-11-17 03:18:20.864+07
7	home	0001_initial	2023-11-17 03:18:20.883133+07
8	contenttypes	0002_remove_content_type_name	2023-11-17 03:18:20.899434+07
9	auth	0002_alter_permission_name_max_length	2023-11-17 03:18:20.909774+07
10	auth	0003_alter_user_email_max_length	2023-11-17 03:18:20.919218+07
11	auth	0004_alter_user_username_opts	2023-11-17 03:18:20.931417+07
12	auth	0005_alter_user_last_login_null	2023-11-17 03:18:20.969649+07
13	auth	0006_require_contenttypes_0002	2023-11-17 03:18:20.973709+07
14	auth	0007_alter_validators_add_error_messages	2023-11-17 03:18:20.982291+07
15	auth	0008_alter_user_username_max_length	2023-11-17 03:18:20.997747+07
16	auth	0009_alter_user_last_name_max_length	2023-11-17 03:18:21.007352+07
17	auth	0010_alter_group_name_max_length	2023-11-17 03:18:21.018587+07
18	auth	0011_update_proxy_permissions	2023-11-17 03:18:21.03165+07
19	auth	0012_alter_user_first_name_max_length	2023-11-17 03:18:21.040462+07
20	app_auth	0001_initial	2023-11-17 03:18:21.144724+07
21	app_auth	0002_alter_customuser_skills	2023-11-17 03:18:21.158999+07
22	app_auth	0003_alter_customuser_birthday	2023-11-17 03:18:21.169571+07
23	app_auth	0004_customuser_photo	2023-11-17 03:18:21.189997+07
24	band	0001_initial	2023-11-17 03:18:21.23615+07
25	band	0002_musicband_deputy_musicband_leader_and_more	2023-11-17 03:18:21.308078+07
26	band	0003_alter_musicband_deputy_alter_musicband_leader_and_more	2023-11-17 03:18:21.409788+07
27	easy_thumbnails	0001_initial	2023-11-17 03:18:21.479905+07
28	easy_thumbnails	0002_thumbnaildimensions	2023-11-17 03:18:21.498259+07
29	equipment	0001_initial	2023-11-17 03:18:21.528577+07
30	equipment	0002_equipment_music_band	2023-11-17 03:18:21.556345+07
31	equipment	0003_alter_equipment_owner	2023-11-17 03:18:21.59183+07
32	equipment	0004_alter_equipment_state	2023-11-17 03:18:21.601745+07
33	repertoire	0001_initial	2023-11-17 03:18:21.715633+07
34	filer	0002_auto_20150606_2003	2023-11-17 03:18:21.732784+07
35	filer	0003_thumbnailoption	2023-11-17 03:18:21.743026+07
36	filer	0004_auto_20160328_1434	2023-11-17 03:18:21.756108+07
37	filer	0005_auto_20160623_1425	2023-11-17 03:18:21.792176+07
38	filer	0006_auto_20160623_1627	2023-11-17 03:18:21.810418+07
39	filer	0007_auto_20161016_1055	2023-11-17 03:18:21.82171+07
40	filer	0008_auto_20171117_1313	2023-11-17 03:18:21.836138+07
41	filer	0009_auto_20171220_1635	2023-11-17 03:18:21.875338+07
42	filer	0010_auto_20180414_2058	2023-11-17 03:18:21.933767+07
43	filer	0011_auto_20190418_0137	2023-11-17 03:18:21.970314+07
44	filer	0012_file_mime_type	2023-11-17 03:18:21.99376+07
45	filer	0013_image_width_height_to_float	2023-11-17 03:18:22.028339+07
46	filer	0014_folder_permission_choices	2023-11-17 03:18:22.052224+07
47	filer	0015_alter_file_owner_alter_file_polymorphic_ctype_and_more	2023-11-17 03:18:22.088094+07
48	filer	0016_alter_folder_index_together_remove_folder_level_and_more	2023-11-17 03:18:22.12038+07
49	filer	0017_image__transparent	2023-11-17 03:18:22.13104+07
50	repertoire	0002_alter_adaptation_musical_parts	2023-11-17 03:18:22.172873+07
51	repertoire	0003_alter_adaptation_file_alter_adaptation_musical_parts	2023-11-17 03:18:22.227228+07
52	repertoire	0004_alter_adaptation_genres	2023-11-17 03:18:22.246015+07
53	event	0001_initial	2023-11-17 03:18:22.338124+07
54	schedule	0001_initial	2023-11-17 03:18:22.412172+07
55	sessions	0001_initial	2023-11-17 03:18:22.43657+07
\.


--
-- Data for Name: django_session; Type: TABLE DATA; Schema: public; Owner: postgres
--

COPY public.django_session (session_key, session_data, expire_date) FROM stdin;
0ir7gb7aj8ap7v86xtm5chzlelcdy6bf	.eJxVjEEOwiAQRe_C2pAyRSgu3XsGMjAzUjU0Ke3KeHfbpAvdvvf-f6uI61Li2niOI6mLMur0yxLmJ9dd0APrfdJ5qss8Jr0n-rBN3ybi1_Vo_w4KtrKt7bkX7By7zB5QQLhz5JwElJ5SCD4Hi2w3BghEYP0wAIANItZgMurzBfuJOEA:1r3bRo:q6-kU7sbZtnPEeAj64iDE8V2JM_rFXCZlBMajxivqwg	2023-11-30 19:26:16.856995+07
q4bfej5p9qf5g2bw2mcaanxxqyp9oy4u	.eJxVjMsOgjAUBf-la9PQ21LQpXu-gdxXBTVtQmFl_HclYaHbMzPnZUbc1mncqi7jLOZinDn9boT80LwDuWO-Fcslr8tMdlfsQasdiujzerh_BxPW6Vsrg0TqPaYGHQCr76FJXil6kqAQPJ6JE7W9uECxjV3HIsk5gtBgAvP-AANWOKM:1r3Orh:aERihPpWrKxKVMXzIqEm_FekhqzcZazB4kwK8QacsR8	2023-11-30 06:00:09.285093+07
dy82z2om2xifb6fw5m72fgioaj9tmdm9	.eJxVjEEOgjAQRe_StWloS1vGpXvO0Mx0poIaSCisjHcXEha6_e-9_1YJt3VIW5UljayuyqjL70aYnzIdgB843Wed52ldRtKHok9adT-zvG6n-3cwYB32urMRwDpx1gffeoxtZwIQIMWGm8IkvgjhLrloMudiMwcwTaRiIARQny_GFTeU:1r3LNI:YvM2lchPi8s2CFTx8Te9C6FiSzoh4r7EgK_XyjbX7PY	2023-11-30 02:16:32.749769+07
yjh1pkzhn2u6581umjp5vv94vi6t66vh	.eJxVjEEOgjAQRe_StWloS1vGpXvO0Mx0poIaSCisjHcXEha6_e-9_1YJt3VIW5UljayuyqjL70aYnzIdgB843Wed52ldRtKHok9adT-zvG6n-3cwYB32urMRwDpx1gffeoxtZwIQIMWGm8IkvgjhLrloMudiMwcwTaRiIARQny_GFTeU:1r3OYK:oRmoepcdP2KeXaN8qYVNL5kg0pys1mgVldNC2t1McY8	2023-11-30 05:40:08.664522+07
od9kbkbg4w93bqf86tr69po6ncshqaua	.eJxVjsEOgjAQRP-lZ9PAUgv16J1vaLbdXUGbNqFwMv67kHDQ68ybl3krj9s6-a3y4mdSN9Wqy28WML44HwU9MT-KjiWvyxz0geizrXosxOl-sn-CCeu0r821E2ws28g9oIBwY8lacSgdBef66Ayy2TNAIALTDwMAGCdiWgzHK5nT7ktYVy8l0Xk4byl9vrWoQtE:1r3igV:COFzaj957I7utaC_MeUIWzeXA1-uor1fWX1ywtVfYQ4	2023-12-01 03:09:55.637333+07
\.


--
-- Data for Name: easy_thumbnails_source; Type: TABLE DATA; Schema: public; Owner: postgres
--

COPY public.easy_thumbnails_source (id, storage_hash, name, modified) FROM stdin;
\.


--
-- Data for Name: easy_thumbnails_thumbnail; Type: TABLE DATA; Schema: public; Owner: postgres
--

COPY public.easy_thumbnails_thumbnail (id, storage_hash, name, modified, source_id) FROM stdin;
\.


--
-- Data for Name: easy_thumbnails_thumbnaildimensions; Type: TABLE DATA; Schema: public; Owner: postgres
--

COPY public.easy_thumbnails_thumbnaildimensions (id, thumbnail_id, width, height) FROM stdin;
\.


--
-- Data for Name: equipment_equipment; Type: TABLE DATA; Schema: public; Owner: postgres
--

COPY public.equipment_equipment (id, name, state, description, register_date, owner_id, music_band_id) FROM stdin;
1	Синтезатор заебатый	1		2023-11-16 04:25:40.860602+07	12	Ad Astra
3	Саксофон бас	1		2023-11-16 04:29:48.454552+07	22	Ad Astra
4	Бас гитара 1	1		2023-11-16 04:30:07.925223+07	17	Ad Astra
5	Бас гитара 2	1		2023-11-16 04:30:22.221293+07	20	Ad Astra
7	Гитара (акустика) 1	1		2023-11-16 04:30:59.015054+07	21	Ad Astra
8	Трамбон	1		2023-11-16 04:31:13.317828+07	14	Ad Astra
9	Гитара (акустика) 2	1		2023-11-16 04:31:40.540817+07	19	Ad Astra
2	Саксофон тенор	1		2023-11-16 04:27:11.314941+07	16	Ad Astra
6	Электрогитара 1	1		2023-11-16 04:30:33.873001+07	18	Ad Astra
10	Электрогитара 2	1		2023-11-16 04:32:22.739953+07	19	Ad Astra
\.


--
-- Data for Name: event_event; Type: TABLE DATA; Schema: public; Owner: postgres
--

COPY public.event_event (id, name, start_datetime, place, end_datetime, description, level, sponsor) FROM stdin;
5	Студвесна	2023-05-10 18:00:00+07	Ленина, 60	\N		5	\N
6	Исторический Бал	2023-11-14 17:30:00+07	Томск, Дом ученых	\N		5	\N
7	ТУСУР ВЗВУКЕ	2023-11-09 18:00:00+07	Ленина, 60	\N		5	\N
\.


--
-- Data for Name: event_performance; Type: TABLE DATA; Schema: public; Owner: postgres
--

COPY public.event_performance (id, composition_id, event_id, music_band_id) FROM stdin;
1	9	6	Ad Astra
2	7	7	Ad Astra
\.


--
-- Data for Name: event_performance_artists; Type: TABLE DATA; Schema: public; Owner: postgres
--

COPY public.event_performance_artists (id, performance_id, customuser_id) FROM stdin;
1	1	11
2	2	11
3	2	12
4	2	13
5	2	17
6	2	18
7	2	19
8	2	20
9	2	23
\.


--
-- Data for Name: filer_clipboard; Type: TABLE DATA; Schema: public; Owner: postgres
--

COPY public.filer_clipboard (id, user_id) FROM stdin;
1	1
\.


--
-- Data for Name: filer_clipboarditem; Type: TABLE DATA; Schema: public; Owner: postgres
--

COPY public.filer_clipboarditem (id, clipboard_id, file_id) FROM stdin;
\.


--
-- Data for Name: filer_file; Type: TABLE DATA; Schema: public; Owner: postgres
--

COPY public.filer_file (id, file, _file_size, sha1, has_all_mandatory_data, original_filename, name, description, uploaded_at, modified_at, is_public, folder_id, owner_id, polymorphic_ctype_id, mime_type) FROM stdin;
\.


--
-- Data for Name: filer_folder; Type: TABLE DATA; Schema: public; Owner: postgres
--

COPY public.filer_folder (id, name, uploaded_at, created_at, modified_at, owner_id, parent_id) FROM stdin;
\.


--
-- Data for Name: filer_folderpermission; Type: TABLE DATA; Schema: public; Owner: postgres
--

COPY public.filer_folderpermission (id, type, everybody, can_edit, can_read, can_add_children, folder_id, group_id, user_id) FROM stdin;
\.


--
-- Data for Name: filer_image; Type: TABLE DATA; Schema: public; Owner: postgres
--

COPY public.filer_image (file_ptr_id, _height, _width, date_taken, default_alt_text, default_caption, author, must_always_publish_author_credit, must_always_publish_copyright, subject_location, _transparent) FROM stdin;
\.


--
-- Data for Name: filer_thumbnailoption; Type: TABLE DATA; Schema: public; Owner: postgres
--

COPY public.filer_thumbnailoption (id, name, width, height, crop, upscale) FROM stdin;
\.


--
-- Data for Name: home_skills; Type: TABLE DATA; Schema: public; Owner: postgres
--

COPY public.home_skills (name) FROM stdin;
Гитарист
Клавишник
Барабанщик
Вокалист
Автор песен
Басист
Ди-джей/ударник
Фанат №1
Другое
\.


--
-- Data for Name: repertoire_adaptation; Type: TABLE DATA; Schema: public; Owner: postgres
--

COPY public.repertoire_adaptation (id, duration, file_id, musical_parts_id, music_band_id, original_id) FROM stdin;
7	\N	\N	\N	Ad Astra	1
8	\N	\N	\N	Ad Astra	2
9	\N	\N	\N	Ad Astra	3
\.


--
-- Data for Name: repertoire_adaptation_genres; Type: TABLE DATA; Schema: public; Owner: postgres
--

COPY public.repertoire_adaptation_genres (id, adaptation_id, genre_id) FROM stdin;
7	7	Рок
8	8	Классическая
9	9	Классическая
\.


--
-- Data for Name: repertoire_author; Type: TABLE DATA; Schema: public; Owner: postgres
--

COPY public.repertoire_author (name) FROM stdin;
The Beatles
\.


--
-- Data for Name: repertoire_author_genres; Type: TABLE DATA; Schema: public; Owner: postgres
--

COPY public.repertoire_author_genres (id, author_id, genre_id) FROM stdin;
\.


--
-- Data for Name: repertoire_composition; Type: TABLE DATA; Schema: public; Owner: postgres
--

COPY public.repertoire_composition (id, name, create_date, release_date, duration, author_id) FROM stdin;
1	Let It Be	\N	\N	\N	The Beatles
\.


--
-- Data for Name: repertoire_composition_genres; Type: TABLE DATA; Schema: public; Owner: postgres
--

COPY public.repertoire_composition_genres (id, composition_id, genre_id) FROM stdin;
\.


--
-- Data for Name: repertoire_genre; Type: TABLE DATA; Schema: public; Owner: postgres
--

COPY public.repertoire_genre (name) FROM stdin;
Рок
Классическая
\.


--
-- Data for Name: repertoire_original; Type: TABLE DATA; Schema: public; Owner: postgres
--

COPY public.repertoire_original (id, title, author, release_date, duration) FROM stdin;
1	Numb	Linkin Park	\N	\N
2	Вальс ля минор	Шопен	\N	\N
3	Вариации на тему Паганини	Выгодский	\N	\N
\.


--
-- Data for Name: repertoire_original_genres; Type: TABLE DATA; Schema: public; Owner: postgres
--

COPY public.repertoire_original_genres (id, original_id, genre_id) FROM stdin;
1	1	Рок
2	2	Классическая
3	3	Классическая
\.


--
-- Data for Name: schedule_rehearsal; Type: TABLE DATA; Schema: public; Owner: postgres
--

COPY public.schedule_rehearsal (id, start_date, end_time, description, music_band_id) FROM stdin;
1	2023-11-17 02:13:57+07	\N		Ad Astra
2	2023-11-30 18:00:00+07	\N		Ad Astra
\.


--
-- Data for Name: schedule_rehearsal_participants; Type: TABLE DATA; Schema: public; Owner: postgres
--

COPY public.schedule_rehearsal_participants (id, rehearsal_id, customuser_id) FROM stdin;
1	1	17
2	1	11
3	1	12
4	1	14
5	2	11
6	2	12
7	2	13
8	2	14
9	2	16
10	2	17
11	2	18
12	2	19
13	2	20
14	2	21
15	2	22
\.


--
-- Name: app_auth_customuser_groups_id_seq; Type: SEQUENCE SET; Schema: public; Owner: postgres
--

SELECT pg_catalog.setval('public.app_auth_customuser_groups_id_seq', 1, false);


--
-- Name: app_auth_customuser_id_seq; Type: SEQUENCE SET; Schema: public; Owner: postgres
--

SELECT pg_catalog.setval('public.app_auth_customuser_id_seq', 23, true);


--
-- Name: app_auth_customuser_skills_id_seq; Type: SEQUENCE SET; Schema: public; Owner: postgres
--

SELECT pg_catalog.setval('public.app_auth_customuser_skills_id_seq', 1, true);


--
-- Name: app_auth_customuser_user_permissions_id_seq; Type: SEQUENCE SET; Schema: public; Owner: postgres
--

SELECT pg_catalog.setval('public.app_auth_customuser_user_permissions_id_seq', 1, false);


--
-- Name: auth_group_id_seq; Type: SEQUENCE SET; Schema: public; Owner: postgres
--

SELECT pg_catalog.setval('public.auth_group_id_seq', 1, false);


--
-- Name: auth_group_permissions_id_seq; Type: SEQUENCE SET; Schema: public; Owner: postgres
--

SELECT pg_catalog.setval('public.auth_group_permissions_id_seq', 1, false);


--
-- Name: auth_permission_id_seq; Type: SEQUENCE SET; Schema: public; Owner: postgres
--

SELECT pg_catalog.setval('public.auth_permission_id_seq', 68, true);


--
-- Name: auth_user_groups_id_seq; Type: SEQUENCE SET; Schema: public; Owner: postgres
--

SELECT pg_catalog.setval('public.auth_user_groups_id_seq', 1, false);


--
-- Name: auth_user_id_seq; Type: SEQUENCE SET; Schema: public; Owner: postgres
--

SELECT pg_catalog.setval('public.auth_user_id_seq', 4, true);


--
-- Name: auth_user_user_permissions_id_seq; Type: SEQUENCE SET; Schema: public; Owner: postgres
--

SELECT pg_catalog.setval('public.auth_user_user_permissions_id_seq', 1, false);


--
-- Name: band_musicband_deputy_id_seq; Type: SEQUENCE SET; Schema: public; Owner: postgres
--

SELECT pg_catalog.setval('public.band_musicband_deputy_id_seq', 2, true);


--
-- Name: band_musicband_members_id_seq; Type: SEQUENCE SET; Schema: public; Owner: postgres
--

SELECT pg_catalog.setval('public.band_musicband_members_id_seq', 12, true);


--
-- Name: django_admin_log_id_seq; Type: SEQUENCE SET; Schema: public; Owner: postgres
--

SELECT pg_catalog.setval('public.django_admin_log_id_seq', 106, true);


--
-- Name: django_content_type_id_seq; Type: SEQUENCE SET; Schema: public; Owner: postgres
--

SELECT pg_catalog.setval('public.django_content_type_id_seq', 17, true);


--
-- Name: django_migrations_id_seq; Type: SEQUENCE SET; Schema: public; Owner: postgres
--

SELECT pg_catalog.setval('public.django_migrations_id_seq', 31, true);


--
-- Name: easy_thumbnails_source_id_seq; Type: SEQUENCE SET; Schema: public; Owner: postgres
--

SELECT pg_catalog.setval('public.easy_thumbnails_source_id_seq', 1, false);


--
-- Name: easy_thumbnails_thumbnail_id_seq; Type: SEQUENCE SET; Schema: public; Owner: postgres
--

SELECT pg_catalog.setval('public.easy_thumbnails_thumbnail_id_seq', 1, false);


--
-- Name: easy_thumbnails_thumbnaildimensions_id_seq; Type: SEQUENCE SET; Schema: public; Owner: postgres
--

SELECT pg_catalog.setval('public.easy_thumbnails_thumbnaildimensions_id_seq', 1, false);


--
-- Name: equipment_equipment_id_seq; Type: SEQUENCE SET; Schema: public; Owner: postgres
--

SELECT pg_catalog.setval('public.equipment_equipment_id_seq', 10, true);


--
-- Name: event_event_id_seq; Type: SEQUENCE SET; Schema: public; Owner: postgres
--

SELECT pg_catalog.setval('public.event_event_id_seq', 7, true);


--
-- Name: event_performance_artists_id_seq; Type: SEQUENCE SET; Schema: public; Owner: postgres
--

SELECT pg_catalog.setval('public.event_performance_artists_id_seq', 9, true);


--
-- Name: event_performance_id_seq; Type: SEQUENCE SET; Schema: public; Owner: postgres
--

SELECT pg_catalog.setval('public.event_performance_id_seq', 2, true);


--
-- Name: filer_clipboard_id_seq; Type: SEQUENCE SET; Schema: public; Owner: postgres
--

SELECT pg_catalog.setval('public.filer_clipboard_id_seq', 1, true);


--
-- Name: filer_clipboarditem_id_seq; Type: SEQUENCE SET; Schema: public; Owner: postgres
--

SELECT pg_catalog.setval('public.filer_clipboarditem_id_seq', 1, false);


--
-- Name: filer_file_id_seq; Type: SEQUENCE SET; Schema: public; Owner: postgres
--

SELECT pg_catalog.setval('public.filer_file_id_seq', 1, false);


--
-- Name: filer_folder_id_seq; Type: SEQUENCE SET; Schema: public; Owner: postgres
--

SELECT pg_catalog.setval('public.filer_folder_id_seq', 1, false);


--
-- Name: filer_folderpermission_id_seq; Type: SEQUENCE SET; Schema: public; Owner: postgres
--

SELECT pg_catalog.setval('public.filer_folderpermission_id_seq', 1, false);


--
-- Name: filer_thumbnailoption_id_seq; Type: SEQUENCE SET; Schema: public; Owner: postgres
--

SELECT pg_catalog.setval('public.filer_thumbnailoption_id_seq', 1, false);


--
-- Name: repertoire_adaptation_genres_id_seq; Type: SEQUENCE SET; Schema: public; Owner: postgres
--

SELECT pg_catalog.setval('public.repertoire_adaptation_genres_id_seq', 9, true);


--
-- Name: repertoire_adaptation_id_seq; Type: SEQUENCE SET; Schema: public; Owner: postgres
--

SELECT pg_catalog.setval('public.repertoire_adaptation_id_seq', 9, true);


--
-- Name: repertoire_author_genres_id_seq; Type: SEQUENCE SET; Schema: public; Owner: postgres
--

SELECT pg_catalog.setval('public.repertoire_author_genres_id_seq', 1, false);


--
-- Name: repertoire_composition_genres_id_seq; Type: SEQUENCE SET; Schema: public; Owner: postgres
--

SELECT pg_catalog.setval('public.repertoire_composition_genres_id_seq', 1, false);


--
-- Name: repertoire_composition_id_seq; Type: SEQUENCE SET; Schema: public; Owner: postgres
--

SELECT pg_catalog.setval('public.repertoire_composition_id_seq', 1, true);


--
-- Name: repertoire_original_genres_id_seq; Type: SEQUENCE SET; Schema: public; Owner: postgres
--

SELECT pg_catalog.setval('public.repertoire_original_genres_id_seq', 3, true);


--
-- Name: repertoire_original_id_seq; Type: SEQUENCE SET; Schema: public; Owner: postgres
--

SELECT pg_catalog.setval('public.repertoire_original_id_seq', 3, true);


--
-- Name: schedule_rehearsal_id_seq; Type: SEQUENCE SET; Schema: public; Owner: postgres
--

SELECT pg_catalog.setval('public.schedule_rehearsal_id_seq', 2, true);


--
-- Name: schedule_rehearsal_participants_id_seq; Type: SEQUENCE SET; Schema: public; Owner: postgres
--

SELECT pg_catalog.setval('public.schedule_rehearsal_participants_id_seq', 15, true);


--
-- Name: app_auth_customuser app_auth_customuser_email_key; Type: CONSTRAINT; Schema: public; Owner: postgres
--

ALTER TABLE ONLY public.app_auth_customuser
    ADD CONSTRAINT app_auth_customuser_email_key UNIQUE (email);


--
-- Name: app_auth_customuser_groups app_auth_customuser_groups_customuser_id_group_id_26d50f6b_uniq; Type: CONSTRAINT; Schema: public; Owner: postgres
--

ALTER TABLE ONLY public.app_auth_customuser_groups
    ADD CONSTRAINT app_auth_customuser_groups_customuser_id_group_id_26d50f6b_uniq UNIQUE (customuser_id, group_id);


--
-- Name: app_auth_customuser_groups app_auth_customuser_groups_pkey; Type: CONSTRAINT; Schema: public; Owner: postgres
--

ALTER TABLE ONLY public.app_auth_customuser_groups
    ADD CONSTRAINT app_auth_customuser_groups_pkey PRIMARY KEY (id);


--
-- Name: app_auth_customuser app_auth_customuser_pkey; Type: CONSTRAINT; Schema: public; Owner: postgres
--

ALTER TABLE ONLY public.app_auth_customuser
    ADD CONSTRAINT app_auth_customuser_pkey PRIMARY KEY (id);


--
-- Name: app_auth_customuser_skills app_auth_customuser_skil_customuser_id_skills_id_4f555271_uniq; Type: CONSTRAINT; Schema: public; Owner: postgres
--

ALTER TABLE ONLY public.app_auth_customuser_skills
    ADD CONSTRAINT app_auth_customuser_skil_customuser_id_skills_id_4f555271_uniq UNIQUE (customuser_id, skills_id);


--
-- Name: app_auth_customuser_skills app_auth_customuser_skills_pkey; Type: CONSTRAINT; Schema: public; Owner: postgres
--

ALTER TABLE ONLY public.app_auth_customuser_skills
    ADD CONSTRAINT app_auth_customuser_skills_pkey PRIMARY KEY (id);


--
-- Name: app_auth_customuser_user_permissions app_auth_customuser_user_customuser_id_permission_b0307008_uniq; Type: CONSTRAINT; Schema: public; Owner: postgres
--

ALTER TABLE ONLY public.app_auth_customuser_user_permissions
    ADD CONSTRAINT app_auth_customuser_user_customuser_id_permission_b0307008_uniq UNIQUE (customuser_id, permission_id);


--
-- Name: app_auth_customuser_user_permissions app_auth_customuser_user_permissions_pkey; Type: CONSTRAINT; Schema: public; Owner: postgres
--

ALTER TABLE ONLY public.app_auth_customuser_user_permissions
    ADD CONSTRAINT app_auth_customuser_user_permissions_pkey PRIMARY KEY (id);


--
-- Name: app_auth_customuser app_auth_customuser_username_key; Type: CONSTRAINT; Schema: public; Owner: postgres
--

ALTER TABLE ONLY public.app_auth_customuser
    ADD CONSTRAINT app_auth_customuser_username_key UNIQUE (username);


--
-- Name: auth_group auth_group_name_key; Type: CONSTRAINT; Schema: public; Owner: postgres
--

ALTER TABLE ONLY public.auth_group
    ADD CONSTRAINT auth_group_name_key UNIQUE (name);


--
-- Name: auth_group_permissions auth_group_permissions_group_id_permission_id_0cd325b0_uniq; Type: CONSTRAINT; Schema: public; Owner: postgres
--

ALTER TABLE ONLY public.auth_group_permissions
    ADD CONSTRAINT auth_group_permissions_group_id_permission_id_0cd325b0_uniq UNIQUE (group_id, permission_id);


--
-- Name: auth_group_permissions auth_group_permissions_pkey; Type: CONSTRAINT; Schema: public; Owner: postgres
--

ALTER TABLE ONLY public.auth_group_permissions
    ADD CONSTRAINT auth_group_permissions_pkey PRIMARY KEY (id);


--
-- Name: auth_group auth_group_pkey; Type: CONSTRAINT; Schema: public; Owner: postgres
--

ALTER TABLE ONLY public.auth_group
    ADD CONSTRAINT auth_group_pkey PRIMARY KEY (id);


--
-- Name: auth_permission auth_permission_content_type_id_codename_01ab375a_uniq; Type: CONSTRAINT; Schema: public; Owner: postgres
--

ALTER TABLE ONLY public.auth_permission
    ADD CONSTRAINT auth_permission_content_type_id_codename_01ab375a_uniq UNIQUE (content_type_id, codename);


--
-- Name: auth_permission auth_permission_pkey; Type: CONSTRAINT; Schema: public; Owner: postgres
--

ALTER TABLE ONLY public.auth_permission
    ADD CONSTRAINT auth_permission_pkey PRIMARY KEY (id);


--
-- Name: auth_user_groups auth_user_groups_pkey; Type: CONSTRAINT; Schema: public; Owner: postgres
--

ALTER TABLE ONLY public.auth_user_groups
    ADD CONSTRAINT auth_user_groups_pkey PRIMARY KEY (id);


--
-- Name: auth_user_groups auth_user_groups_user_id_group_id_94350c0c_uniq; Type: CONSTRAINT; Schema: public; Owner: postgres
--

ALTER TABLE ONLY public.auth_user_groups
    ADD CONSTRAINT auth_user_groups_user_id_group_id_94350c0c_uniq UNIQUE (user_id, group_id);


--
-- Name: auth_user auth_user_pkey; Type: CONSTRAINT; Schema: public; Owner: postgres
--

ALTER TABLE ONLY public.auth_user
    ADD CONSTRAINT auth_user_pkey PRIMARY KEY (id);


--
-- Name: auth_user_user_permissions auth_user_user_permissions_pkey; Type: CONSTRAINT; Schema: public; Owner: postgres
--

ALTER TABLE ONLY public.auth_user_user_permissions
    ADD CONSTRAINT auth_user_user_permissions_pkey PRIMARY KEY (id);


--
-- Name: auth_user_user_permissions auth_user_user_permissions_user_id_permission_id_14a6b632_uniq; Type: CONSTRAINT; Schema: public; Owner: postgres
--

ALTER TABLE ONLY public.auth_user_user_permissions
    ADD CONSTRAINT auth_user_user_permissions_user_id_permission_id_14a6b632_uniq UNIQUE (user_id, permission_id);


--
-- Name: auth_user auth_user_username_key; Type: CONSTRAINT; Schema: public; Owner: postgres
--

ALTER TABLE ONLY public.auth_user
    ADD CONSTRAINT auth_user_username_key UNIQUE (username);


--
-- Name: band_musicband_deputy band_musicband_deputy_musicband_id_user_id_567d8139_uniq; Type: CONSTRAINT; Schema: public; Owner: postgres
--

ALTER TABLE ONLY public.band_musicband_deputy
    ADD CONSTRAINT band_musicband_deputy_musicband_id_user_id_567d8139_uniq UNIQUE (musicband_id, customuser_id);


--
-- Name: band_musicband_deputy band_musicband_deputy_pkey; Type: CONSTRAINT; Schema: public; Owner: postgres
--

ALTER TABLE ONLY public.band_musicband_deputy
    ADD CONSTRAINT band_musicband_deputy_pkey PRIMARY KEY (id);


--
-- Name: band_musicband_members band_musicband_members_musicband_id_user_id_6b4c39dd_uniq; Type: CONSTRAINT; Schema: public; Owner: postgres
--

ALTER TABLE ONLY public.band_musicband_members
    ADD CONSTRAINT band_musicband_members_musicband_id_user_id_6b4c39dd_uniq UNIQUE (musicband_id, customuser_id);


--
-- Name: band_musicband_members band_musicband_members_pkey; Type: CONSTRAINT; Schema: public; Owner: postgres
--

ALTER TABLE ONLY public.band_musicband_members
    ADD CONSTRAINT band_musicband_members_pkey PRIMARY KEY (id);


--
-- Name: band_musicband band_musicband_pkey; Type: CONSTRAINT; Schema: public; Owner: postgres
--

ALTER TABLE ONLY public.band_musicband
    ADD CONSTRAINT band_musicband_pkey PRIMARY KEY (name);


--
-- Name: django_admin_log django_admin_log_pkey; Type: CONSTRAINT; Schema: public; Owner: postgres
--

ALTER TABLE ONLY public.django_admin_log
    ADD CONSTRAINT django_admin_log_pkey PRIMARY KEY (id);


--
-- Name: django_content_type django_content_type_app_label_model_76bd3d3b_uniq; Type: CONSTRAINT; Schema: public; Owner: postgres
--

ALTER TABLE ONLY public.django_content_type
    ADD CONSTRAINT django_content_type_app_label_model_76bd3d3b_uniq UNIQUE (app_label, model);


--
-- Name: django_content_type django_content_type_pkey; Type: CONSTRAINT; Schema: public; Owner: postgres
--

ALTER TABLE ONLY public.django_content_type
    ADD CONSTRAINT django_content_type_pkey PRIMARY KEY (id);


--
-- Name: django_migrations django_migrations_pkey; Type: CONSTRAINT; Schema: public; Owner: postgres
--

ALTER TABLE ONLY public.django_migrations
    ADD CONSTRAINT django_migrations_pkey PRIMARY KEY (id);


--
-- Name: django_session django_session_pkey; Type: CONSTRAINT; Schema: public; Owner: postgres
--

ALTER TABLE ONLY public.django_session
    ADD CONSTRAINT django_session_pkey PRIMARY KEY (session_key);


--
-- Name: easy_thumbnails_source easy_thumbnails_source_pkey; Type: CONSTRAINT; Schema: public; Owner: postgres
--

ALTER TABLE ONLY public.easy_thumbnails_source
    ADD CONSTRAINT easy_thumbnails_source_pkey PRIMARY KEY (id);


--
-- Name: easy_thumbnails_source easy_thumbnails_source_storage_hash_name_481ce32d_uniq; Type: CONSTRAINT; Schema: public; Owner: postgres
--

ALTER TABLE ONLY public.easy_thumbnails_source
    ADD CONSTRAINT easy_thumbnails_source_storage_hash_name_481ce32d_uniq UNIQUE (storage_hash, name);


--
-- Name: easy_thumbnails_thumbnail easy_thumbnails_thumbnai_storage_hash_name_source_fb375270_uniq; Type: CONSTRAINT; Schema: public; Owner: postgres
--

ALTER TABLE ONLY public.easy_thumbnails_thumbnail
    ADD CONSTRAINT easy_thumbnails_thumbnai_storage_hash_name_source_fb375270_uniq UNIQUE (storage_hash, name, source_id);


--
-- Name: easy_thumbnails_thumbnail easy_thumbnails_thumbnail_pkey; Type: CONSTRAINT; Schema: public; Owner: postgres
--

ALTER TABLE ONLY public.easy_thumbnails_thumbnail
    ADD CONSTRAINT easy_thumbnails_thumbnail_pkey PRIMARY KEY (id);


--
-- Name: easy_thumbnails_thumbnaildimensions easy_thumbnails_thumbnaildimensions_pkey; Type: CONSTRAINT; Schema: public; Owner: postgres
--

ALTER TABLE ONLY public.easy_thumbnails_thumbnaildimensions
    ADD CONSTRAINT easy_thumbnails_thumbnaildimensions_pkey PRIMARY KEY (id);


--
-- Name: easy_thumbnails_thumbnaildimensions easy_thumbnails_thumbnaildimensions_thumbnail_id_key; Type: CONSTRAINT; Schema: public; Owner: postgres
--

ALTER TABLE ONLY public.easy_thumbnails_thumbnaildimensions
    ADD CONSTRAINT easy_thumbnails_thumbnaildimensions_thumbnail_id_key UNIQUE (thumbnail_id);


--
-- Name: equipment_equipment equipment_equipment_pkey; Type: CONSTRAINT; Schema: public; Owner: postgres
--

ALTER TABLE ONLY public.equipment_equipment
    ADD CONSTRAINT equipment_equipment_pkey PRIMARY KEY (id);


--
-- Name: event_event event_event_pkey; Type: CONSTRAINT; Schema: public; Owner: postgres
--

ALTER TABLE ONLY public.event_event
    ADD CONSTRAINT event_event_pkey PRIMARY KEY (id);


--
-- Name: event_performance_artists event_performance_artist_performance_id_customuse_87801bf4_uniq; Type: CONSTRAINT; Schema: public; Owner: postgres
--

ALTER TABLE ONLY public.event_performance_artists
    ADD CONSTRAINT event_performance_artist_performance_id_customuse_87801bf4_uniq UNIQUE (performance_id, customuser_id);


--
-- Name: event_performance_artists event_performance_artists_pkey; Type: CONSTRAINT; Schema: public; Owner: postgres
--

ALTER TABLE ONLY public.event_performance_artists
    ADD CONSTRAINT event_performance_artists_pkey PRIMARY KEY (id);


--
-- Name: event_performance event_performance_pkey; Type: CONSTRAINT; Schema: public; Owner: postgres
--

ALTER TABLE ONLY public.event_performance
    ADD CONSTRAINT event_performance_pkey PRIMARY KEY (id);


--
-- Name: filer_clipboard filer_clipboard_pkey; Type: CONSTRAINT; Schema: public; Owner: postgres
--

ALTER TABLE ONLY public.filer_clipboard
    ADD CONSTRAINT filer_clipboard_pkey PRIMARY KEY (id);


--
-- Name: filer_clipboarditem filer_clipboarditem_pkey; Type: CONSTRAINT; Schema: public; Owner: postgres
--

ALTER TABLE ONLY public.filer_clipboarditem
    ADD CONSTRAINT filer_clipboarditem_pkey PRIMARY KEY (id);


--
-- Name: filer_file filer_file_pkey; Type: CONSTRAINT; Schema: public; Owner: postgres
--

ALTER TABLE ONLY public.filer_file
    ADD CONSTRAINT filer_file_pkey PRIMARY KEY (id);


--
-- Name: filer_folder filer_folder_parent_id_name_bc773258_uniq; Type: CONSTRAINT; Schema: public; Owner: postgres
--

ALTER TABLE ONLY public.filer_folder
    ADD CONSTRAINT filer_folder_parent_id_name_bc773258_uniq UNIQUE (parent_id, name);


--
-- Name: filer_folder filer_folder_pkey; Type: CONSTRAINT; Schema: public; Owner: postgres
--

ALTER TABLE ONLY public.filer_folder
    ADD CONSTRAINT filer_folder_pkey PRIMARY KEY (id);


--
-- Name: filer_folderpermission filer_folderpermission_pkey; Type: CONSTRAINT; Schema: public; Owner: postgres
--

ALTER TABLE ONLY public.filer_folderpermission
    ADD CONSTRAINT filer_folderpermission_pkey PRIMARY KEY (id);


--
-- Name: filer_image filer_image_pkey; Type: CONSTRAINT; Schema: public; Owner: postgres
--

ALTER TABLE ONLY public.filer_image
    ADD CONSTRAINT filer_image_pkey PRIMARY KEY (file_ptr_id);


--
-- Name: filer_thumbnailoption filer_thumbnailoption_pkey; Type: CONSTRAINT; Schema: public; Owner: postgres
--

ALTER TABLE ONLY public.filer_thumbnailoption
    ADD CONSTRAINT filer_thumbnailoption_pkey PRIMARY KEY (id);


--
-- Name: home_skills home_skills_pkey; Type: CONSTRAINT; Schema: public; Owner: postgres
--

ALTER TABLE ONLY public.home_skills
    ADD CONSTRAINT home_skills_pkey PRIMARY KEY (name);


--
-- Name: repertoire_adaptation_genres repertoire_adaptation_ge_adaptation_id_genre_id_e8d10621_uniq; Type: CONSTRAINT; Schema: public; Owner: postgres
--

ALTER TABLE ONLY public.repertoire_adaptation_genres
    ADD CONSTRAINT repertoire_adaptation_ge_adaptation_id_genre_id_e8d10621_uniq UNIQUE (adaptation_id, genre_id);


--
-- Name: repertoire_adaptation_genres repertoire_adaptation_genres_pkey; Type: CONSTRAINT; Schema: public; Owner: postgres
--

ALTER TABLE ONLY public.repertoire_adaptation_genres
    ADD CONSTRAINT repertoire_adaptation_genres_pkey PRIMARY KEY (id);


--
-- Name: repertoire_adaptation repertoire_adaptation_pkey; Type: CONSTRAINT; Schema: public; Owner: postgres
--

ALTER TABLE ONLY public.repertoire_adaptation
    ADD CONSTRAINT repertoire_adaptation_pkey PRIMARY KEY (id);


--
-- Name: repertoire_author_genres repertoire_author_genres_author_id_genre_id_2713283f_uniq; Type: CONSTRAINT; Schema: public; Owner: postgres
--

ALTER TABLE ONLY public.repertoire_author_genres
    ADD CONSTRAINT repertoire_author_genres_author_id_genre_id_2713283f_uniq UNIQUE (author_id, genre_id);


--
-- Name: repertoire_author_genres repertoire_author_genres_pkey; Type: CONSTRAINT; Schema: public; Owner: postgres
--

ALTER TABLE ONLY public.repertoire_author_genres
    ADD CONSTRAINT repertoire_author_genres_pkey PRIMARY KEY (id);


--
-- Name: repertoire_author repertoire_author_pkey; Type: CONSTRAINT; Schema: public; Owner: postgres
--

ALTER TABLE ONLY public.repertoire_author
    ADD CONSTRAINT repertoire_author_pkey PRIMARY KEY (name);


--
-- Name: repertoire_composition_genres repertoire_composition_g_composition_id_genre_id_2bcaeab2_uniq; Type: CONSTRAINT; Schema: public; Owner: postgres
--

ALTER TABLE ONLY public.repertoire_composition_genres
    ADD CONSTRAINT repertoire_composition_g_composition_id_genre_id_2bcaeab2_uniq UNIQUE (composition_id, genre_id);


--
-- Name: repertoire_composition_genres repertoire_composition_genres_pkey; Type: CONSTRAINT; Schema: public; Owner: postgres
--

ALTER TABLE ONLY public.repertoire_composition_genres
    ADD CONSTRAINT repertoire_composition_genres_pkey PRIMARY KEY (id);


--
-- Name: repertoire_composition repertoire_composition_pkey; Type: CONSTRAINT; Schema: public; Owner: postgres
--

ALTER TABLE ONLY public.repertoire_composition
    ADD CONSTRAINT repertoire_composition_pkey PRIMARY KEY (id);


--
-- Name: repertoire_genre repertoire_genre_pkey; Type: CONSTRAINT; Schema: public; Owner: postgres
--

ALTER TABLE ONLY public.repertoire_genre
    ADD CONSTRAINT repertoire_genre_pkey PRIMARY KEY (name);


--
-- Name: repertoire_original_genres repertoire_original_genres_original_id_genre_id_43c5930f_uniq; Type: CONSTRAINT; Schema: public; Owner: postgres
--

ALTER TABLE ONLY public.repertoire_original_genres
    ADD CONSTRAINT repertoire_original_genres_original_id_genre_id_43c5930f_uniq UNIQUE (original_id, genre_id);


--
-- Name: repertoire_original_genres repertoire_original_genres_pkey; Type: CONSTRAINT; Schema: public; Owner: postgres
--

ALTER TABLE ONLY public.repertoire_original_genres
    ADD CONSTRAINT repertoire_original_genres_pkey PRIMARY KEY (id);


--
-- Name: repertoire_original repertoire_original_pkey; Type: CONSTRAINT; Schema: public; Owner: postgres
--

ALTER TABLE ONLY public.repertoire_original
    ADD CONSTRAINT repertoire_original_pkey PRIMARY KEY (id);


--
-- Name: schedule_rehearsal_participants schedule_rehearsal_parti_rehearsal_id_customuser__811d049f_uniq; Type: CONSTRAINT; Schema: public; Owner: postgres
--

ALTER TABLE ONLY public.schedule_rehearsal_participants
    ADD CONSTRAINT schedule_rehearsal_parti_rehearsal_id_customuser__811d049f_uniq UNIQUE (rehearsal_id, customuser_id);


--
-- Name: schedule_rehearsal_participants schedule_rehearsal_participants_pkey; Type: CONSTRAINT; Schema: public; Owner: postgres
--

ALTER TABLE ONLY public.schedule_rehearsal_participants
    ADD CONSTRAINT schedule_rehearsal_participants_pkey PRIMARY KEY (id);


--
-- Name: schedule_rehearsal schedule_rehearsal_pkey; Type: CONSTRAINT; Schema: public; Owner: postgres
--

ALTER TABLE ONLY public.schedule_rehearsal
    ADD CONSTRAINT schedule_rehearsal_pkey PRIMARY KEY (id);


--
-- Name: repertoire_adaptation unique_adaptation; Type: CONSTRAINT; Schema: public; Owner: postgres
--

ALTER TABLE ONLY public.repertoire_adaptation
    ADD CONSTRAINT unique_adaptation UNIQUE (original_id, music_band_id, file_id);


--
-- Name: repertoire_composition unique_composition_name_author; Type: CONSTRAINT; Schema: public; Owner: postgres
--

ALTER TABLE ONLY public.repertoire_composition
    ADD CONSTRAINT unique_composition_name_author UNIQUE (name, author_id);


--
-- Name: event_event unique_event; Type: CONSTRAINT; Schema: public; Owner: postgres
--

ALTER TABLE ONLY public.event_event
    ADD CONSTRAINT unique_event UNIQUE (name, start_datetime);


--
-- Name: repertoire_original unique_original_title_author; Type: CONSTRAINT; Schema: public; Owner: postgres
--

ALTER TABLE ONLY public.repertoire_original
    ADD CONSTRAINT unique_original_title_author UNIQUE (title, author);


--
-- Name: event_performance unique_performance; Type: CONSTRAINT; Schema: public; Owner: postgres
--

ALTER TABLE ONLY public.event_performance
    ADD CONSTRAINT unique_performance UNIQUE (event_id, composition_id, music_band_id);


--
-- Name: schedule_rehearsal unique_rehearsal_music_band; Type: CONSTRAINT; Schema: public; Owner: postgres
--

ALTER TABLE ONLY public.schedule_rehearsal
    ADD CONSTRAINT unique_rehearsal_music_band UNIQUE (music_band_id, start_date);


--
-- Name: app_auth_customuser_email_b72c24f9_like; Type: INDEX; Schema: public; Owner: postgres
--

CREATE INDEX app_auth_customuser_email_b72c24f9_like ON public.app_auth_customuser USING btree (email varchar_pattern_ops);


--
-- Name: app_auth_customuser_groups_customuser_id_570ea1c2; Type: INDEX; Schema: public; Owner: postgres
--

CREATE INDEX app_auth_customuser_groups_customuser_id_570ea1c2 ON public.app_auth_customuser_groups USING btree (customuser_id);


--
-- Name: app_auth_customuser_groups_group_id_979de097; Type: INDEX; Schema: public; Owner: postgres
--

CREATE INDEX app_auth_customuser_groups_group_id_979de097 ON public.app_auth_customuser_groups USING btree (group_id);


--
-- Name: app_auth_customuser_photo_id_97a25ff6; Type: INDEX; Schema: public; Owner: postgres
--

CREATE INDEX app_auth_customuser_photo_id_97a25ff6 ON public.app_auth_customuser USING btree (photo_id);


--
-- Name: app_auth_customuser_skills_customuser_id_9f06e7a2; Type: INDEX; Schema: public; Owner: postgres
--

CREATE INDEX app_auth_customuser_skills_customuser_id_9f06e7a2 ON public.app_auth_customuser_skills USING btree (customuser_id);


--
-- Name: app_auth_customuser_skills_skills_id_2e8a6fb4; Type: INDEX; Schema: public; Owner: postgres
--

CREATE INDEX app_auth_customuser_skills_skills_id_2e8a6fb4 ON public.app_auth_customuser_skills USING btree (skills_id);


--
-- Name: app_auth_customuser_skills_skills_id_2e8a6fb4_like; Type: INDEX; Schema: public; Owner: postgres
--

CREATE INDEX app_auth_customuser_skills_skills_id_2e8a6fb4_like ON public.app_auth_customuser_skills USING btree (skills_id varchar_pattern_ops);


--
-- Name: app_auth_customuser_user_permissions_customuser_id_9ef95427; Type: INDEX; Schema: public; Owner: postgres
--

CREATE INDEX app_auth_customuser_user_permissions_customuser_id_9ef95427 ON public.app_auth_customuser_user_permissions USING btree (customuser_id);


--
-- Name: app_auth_customuser_user_permissions_permission_id_2e8dd7cb; Type: INDEX; Schema: public; Owner: postgres
--

CREATE INDEX app_auth_customuser_user_permissions_permission_id_2e8dd7cb ON public.app_auth_customuser_user_permissions USING btree (permission_id);


--
-- Name: app_auth_customuser_username_a3e86898_like; Type: INDEX; Schema: public; Owner: postgres
--

CREATE INDEX app_auth_customuser_username_a3e86898_like ON public.app_auth_customuser USING btree (username varchar_pattern_ops);


--
-- Name: auth_group_name_a6ea08ec_like; Type: INDEX; Schema: public; Owner: postgres
--

CREATE INDEX auth_group_name_a6ea08ec_like ON public.auth_group USING btree (name varchar_pattern_ops);


--
-- Name: auth_group_permissions_group_id_b120cbf9; Type: INDEX; Schema: public; Owner: postgres
--

CREATE INDEX auth_group_permissions_group_id_b120cbf9 ON public.auth_group_permissions USING btree (group_id);


--
-- Name: auth_group_permissions_permission_id_84c5c92e; Type: INDEX; Schema: public; Owner: postgres
--

CREATE INDEX auth_group_permissions_permission_id_84c5c92e ON public.auth_group_permissions USING btree (permission_id);


--
-- Name: auth_permission_content_type_id_2f476e4b; Type: INDEX; Schema: public; Owner: postgres
--

CREATE INDEX auth_permission_content_type_id_2f476e4b ON public.auth_permission USING btree (content_type_id);


--
-- Name: auth_user_groups_group_id_97559544; Type: INDEX; Schema: public; Owner: postgres
--

CREATE INDEX auth_user_groups_group_id_97559544 ON public.auth_user_groups USING btree (group_id);


--
-- Name: auth_user_groups_user_id_6a12ed8b; Type: INDEX; Schema: public; Owner: postgres
--

CREATE INDEX auth_user_groups_user_id_6a12ed8b ON public.auth_user_groups USING btree (user_id);


--
-- Name: auth_user_user_permissions_permission_id_1fbb5f2c; Type: INDEX; Schema: public; Owner: postgres
--

CREATE INDEX auth_user_user_permissions_permission_id_1fbb5f2c ON public.auth_user_user_permissions USING btree (permission_id);


--
-- Name: auth_user_user_permissions_user_id_a95ead1b; Type: INDEX; Schema: public; Owner: postgres
--

CREATE INDEX auth_user_user_permissions_user_id_a95ead1b ON public.auth_user_user_permissions USING btree (user_id);


--
-- Name: auth_user_username_6821ab7c_like; Type: INDEX; Schema: public; Owner: postgres
--

CREATE INDEX auth_user_username_6821ab7c_like ON public.auth_user USING btree (username varchar_pattern_ops);


--
-- Name: band_musicband_deputy_musicband_id_c2b2e1a2; Type: INDEX; Schema: public; Owner: postgres
--

CREATE INDEX band_musicband_deputy_musicband_id_c2b2e1a2 ON public.band_musicband_deputy USING btree (musicband_id);


--
-- Name: band_musicband_deputy_musicband_id_c2b2e1a2_like; Type: INDEX; Schema: public; Owner: postgres
--

CREATE INDEX band_musicband_deputy_musicband_id_c2b2e1a2_like ON public.band_musicband_deputy USING btree (musicband_id varchar_pattern_ops);


--
-- Name: band_musicband_deputy_user_id_429fc3f2; Type: INDEX; Schema: public; Owner: postgres
--

CREATE INDEX band_musicband_deputy_user_id_429fc3f2 ON public.band_musicband_deputy USING btree (customuser_id);


--
-- Name: band_musicband_leader_id_6538aa9a; Type: INDEX; Schema: public; Owner: postgres
--

CREATE INDEX band_musicband_leader_id_6538aa9a ON public.band_musicband USING btree (leader_id);


--
-- Name: band_musicband_members_musicband_id_eab353b3; Type: INDEX; Schema: public; Owner: postgres
--

CREATE INDEX band_musicband_members_musicband_id_eab353b3 ON public.band_musicband_members USING btree (musicband_id);


--
-- Name: band_musicband_members_musicband_id_eab353b3_like; Type: INDEX; Schema: public; Owner: postgres
--

CREATE INDEX band_musicband_members_musicband_id_eab353b3_like ON public.band_musicband_members USING btree (musicband_id varchar_pattern_ops);


--
-- Name: band_musicband_members_user_id_e4ca8714; Type: INDEX; Schema: public; Owner: postgres
--

CREATE INDEX band_musicband_members_user_id_e4ca8714 ON public.band_musicband_members USING btree (customuser_id);


--
-- Name: band_musicband_name_2909e768_like; Type: INDEX; Schema: public; Owner: postgres
--

CREATE INDEX band_musicband_name_2909e768_like ON public.band_musicband USING btree (name varchar_pattern_ops);


--
-- Name: django_admin_log_content_type_id_c4bce8eb; Type: INDEX; Schema: public; Owner: postgres
--

CREATE INDEX django_admin_log_content_type_id_c4bce8eb ON public.django_admin_log USING btree (content_type_id);


--
-- Name: django_admin_log_user_id_c564eba6; Type: INDEX; Schema: public; Owner: postgres
--

CREATE INDEX django_admin_log_user_id_c564eba6 ON public.django_admin_log USING btree (user_id);


--
-- Name: django_session_expire_date_a5c62663; Type: INDEX; Schema: public; Owner: postgres
--

CREATE INDEX django_session_expire_date_a5c62663 ON public.django_session USING btree (expire_date);


--
-- Name: django_session_session_key_c0390e0f_like; Type: INDEX; Schema: public; Owner: postgres
--

CREATE INDEX django_session_session_key_c0390e0f_like ON public.django_session USING btree (session_key varchar_pattern_ops);


--
-- Name: easy_thumbnails_source_name_5fe0edc6; Type: INDEX; Schema: public; Owner: postgres
--

CREATE INDEX easy_thumbnails_source_name_5fe0edc6 ON public.easy_thumbnails_source USING btree (name);


--
-- Name: easy_thumbnails_source_name_5fe0edc6_like; Type: INDEX; Schema: public; Owner: postgres
--

CREATE INDEX easy_thumbnails_source_name_5fe0edc6_like ON public.easy_thumbnails_source USING btree (name varchar_pattern_ops);


--
-- Name: easy_thumbnails_source_storage_hash_946cbcc9; Type: INDEX; Schema: public; Owner: postgres
--

CREATE INDEX easy_thumbnails_source_storage_hash_946cbcc9 ON public.easy_thumbnails_source USING btree (storage_hash);


--
-- Name: easy_thumbnails_source_storage_hash_946cbcc9_like; Type: INDEX; Schema: public; Owner: postgres
--

CREATE INDEX easy_thumbnails_source_storage_hash_946cbcc9_like ON public.easy_thumbnails_source USING btree (storage_hash varchar_pattern_ops);


--
-- Name: easy_thumbnails_thumbnail_name_b5882c31; Type: INDEX; Schema: public; Owner: postgres
--

CREATE INDEX easy_thumbnails_thumbnail_name_b5882c31 ON public.easy_thumbnails_thumbnail USING btree (name);


--
-- Name: easy_thumbnails_thumbnail_name_b5882c31_like; Type: INDEX; Schema: public; Owner: postgres
--

CREATE INDEX easy_thumbnails_thumbnail_name_b5882c31_like ON public.easy_thumbnails_thumbnail USING btree (name varchar_pattern_ops);


--
-- Name: easy_thumbnails_thumbnail_source_id_5b57bc77; Type: INDEX; Schema: public; Owner: postgres
--

CREATE INDEX easy_thumbnails_thumbnail_source_id_5b57bc77 ON public.easy_thumbnails_thumbnail USING btree (source_id);


--
-- Name: easy_thumbnails_thumbnail_storage_hash_f1435f49; Type: INDEX; Schema: public; Owner: postgres
--

CREATE INDEX easy_thumbnails_thumbnail_storage_hash_f1435f49 ON public.easy_thumbnails_thumbnail USING btree (storage_hash);


--
-- Name: easy_thumbnails_thumbnail_storage_hash_f1435f49_like; Type: INDEX; Schema: public; Owner: postgres
--

CREATE INDEX easy_thumbnails_thumbnail_storage_hash_f1435f49_like ON public.easy_thumbnails_thumbnail USING btree (storage_hash varchar_pattern_ops);


--
-- Name: equipment_equipment_music_band_id_4968db54; Type: INDEX; Schema: public; Owner: postgres
--

CREATE INDEX equipment_equipment_music_band_id_4968db54 ON public.equipment_equipment USING btree (music_band_id);


--
-- Name: equipment_equipment_music_band_id_4968db54_like; Type: INDEX; Schema: public; Owner: postgres
--

CREATE INDEX equipment_equipment_music_band_id_4968db54_like ON public.equipment_equipment USING btree (music_band_id varchar_pattern_ops);


--
-- Name: equipment_equipment_owner_id_ac1c6866; Type: INDEX; Schema: public; Owner: postgres
--

CREATE INDEX equipment_equipment_owner_id_ac1c6866 ON public.equipment_equipment USING btree (owner_id);


--
-- Name: event_event_name_b7ee6b20; Type: INDEX; Schema: public; Owner: postgres
--

CREATE INDEX event_event_name_b7ee6b20 ON public.event_event USING btree (name);


--
-- Name: event_event_name_b7ee6b20_like; Type: INDEX; Schema: public; Owner: postgres
--

CREATE INDEX event_event_name_b7ee6b20_like ON public.event_event USING btree (name varchar_pattern_ops);


--
-- Name: event_performance_artists_customuser_id_22deeef3; Type: INDEX; Schema: public; Owner: postgres
--

CREATE INDEX event_performance_artists_customuser_id_22deeef3 ON public.event_performance_artists USING btree (customuser_id);


--
-- Name: event_performance_artists_performance_id_0855be5e; Type: INDEX; Schema: public; Owner: postgres
--

CREATE INDEX event_performance_artists_performance_id_0855be5e ON public.event_performance_artists USING btree (performance_id);


--
-- Name: event_performance_composition_id_17bfe1b3; Type: INDEX; Schema: public; Owner: postgres
--

CREATE INDEX event_performance_composition_id_17bfe1b3 ON public.event_performance USING btree (composition_id);


--
-- Name: event_performance_event_id_d2e599d5; Type: INDEX; Schema: public; Owner: postgres
--

CREATE INDEX event_performance_event_id_d2e599d5 ON public.event_performance USING btree (event_id);


--
-- Name: event_performance_music_band_id_becb7558; Type: INDEX; Schema: public; Owner: postgres
--

CREATE INDEX event_performance_music_band_id_becb7558 ON public.event_performance USING btree (music_band_id);


--
-- Name: event_performance_music_band_id_becb7558_like; Type: INDEX; Schema: public; Owner: postgres
--

CREATE INDEX event_performance_music_band_id_becb7558_like ON public.event_performance USING btree (music_band_id varchar_pattern_ops);


--
-- Name: filer_clipboard_user_id_b52ff0bc; Type: INDEX; Schema: public; Owner: postgres
--

CREATE INDEX filer_clipboard_user_id_b52ff0bc ON public.filer_clipboard USING btree (user_id);


--
-- Name: filer_clipboarditem_clipboard_id_7a76518b; Type: INDEX; Schema: public; Owner: postgres
--

CREATE INDEX filer_clipboarditem_clipboard_id_7a76518b ON public.filer_clipboarditem USING btree (clipboard_id);


--
-- Name: filer_clipboarditem_file_id_06196f80; Type: INDEX; Schema: public; Owner: postgres
--

CREATE INDEX filer_clipboarditem_file_id_06196f80 ON public.filer_clipboarditem USING btree (file_id);


--
-- Name: filer_file_folder_id_af803bbb; Type: INDEX; Schema: public; Owner: postgres
--

CREATE INDEX filer_file_folder_id_af803bbb ON public.filer_file USING btree (folder_id);


--
-- Name: filer_file_owner_id_b9e32671; Type: INDEX; Schema: public; Owner: postgres
--

CREATE INDEX filer_file_owner_id_b9e32671 ON public.filer_file USING btree (owner_id);


--
-- Name: filer_file_polymorphic_ctype_id_f44903c1; Type: INDEX; Schema: public; Owner: postgres
--

CREATE INDEX filer_file_polymorphic_ctype_id_f44903c1 ON public.filer_file USING btree (polymorphic_ctype_id);


--
-- Name: filer_folder_owner_id_be530fb4; Type: INDEX; Schema: public; Owner: postgres
--

CREATE INDEX filer_folder_owner_id_be530fb4 ON public.filer_folder USING btree (owner_id);


--
-- Name: filer_folder_parent_id_308aecda; Type: INDEX; Schema: public; Owner: postgres
--

CREATE INDEX filer_folder_parent_id_308aecda ON public.filer_folder USING btree (parent_id);


--
-- Name: filer_folderpermission_folder_id_5d02f1da; Type: INDEX; Schema: public; Owner: postgres
--

CREATE INDEX filer_folderpermission_folder_id_5d02f1da ON public.filer_folderpermission USING btree (folder_id);


--
-- Name: filer_folderpermission_group_id_8901bafa; Type: INDEX; Schema: public; Owner: postgres
--

CREATE INDEX filer_folderpermission_group_id_8901bafa ON public.filer_folderpermission USING btree (group_id);


--
-- Name: filer_folderpermission_user_id_7673d4b6; Type: INDEX; Schema: public; Owner: postgres
--

CREATE INDEX filer_folderpermission_user_id_7673d4b6 ON public.filer_folderpermission USING btree (user_id);


--
-- Name: home_skills_name_747b00e3_like; Type: INDEX; Schema: public; Owner: postgres
--

CREATE INDEX home_skills_name_747b00e3_like ON public.home_skills USING btree (name varchar_pattern_ops);


--
-- Name: repertoire_adaptation_file_id_f7d71490; Type: INDEX; Schema: public; Owner: postgres
--

CREATE INDEX repertoire_adaptation_file_id_f7d71490 ON public.repertoire_adaptation USING btree (file_id);


--
-- Name: repertoire_adaptation_genres_adaptation_id_ec10daad; Type: INDEX; Schema: public; Owner: postgres
--

CREATE INDEX repertoire_adaptation_genres_adaptation_id_ec10daad ON public.repertoire_adaptation_genres USING btree (adaptation_id);


--
-- Name: repertoire_adaptation_genres_genre_id_eaa176df; Type: INDEX; Schema: public; Owner: postgres
--

CREATE INDEX repertoire_adaptation_genres_genre_id_eaa176df ON public.repertoire_adaptation_genres USING btree (genre_id);


--
-- Name: repertoire_adaptation_genres_genre_id_eaa176df_like; Type: INDEX; Schema: public; Owner: postgres
--

CREATE INDEX repertoire_adaptation_genres_genre_id_eaa176df_like ON public.repertoire_adaptation_genres USING btree (genre_id varchar_pattern_ops);


--
-- Name: repertoire_adaptation_music_band_id_675e0902; Type: INDEX; Schema: public; Owner: postgres
--

CREATE INDEX repertoire_adaptation_music_band_id_675e0902 ON public.repertoire_adaptation USING btree (music_band_id);


--
-- Name: repertoire_adaptation_music_band_id_675e0902_like; Type: INDEX; Schema: public; Owner: postgres
--

CREATE INDEX repertoire_adaptation_music_band_id_675e0902_like ON public.repertoire_adaptation USING btree (music_band_id varchar_pattern_ops);


--
-- Name: repertoire_adaptation_musical_parts_id_ce675c66; Type: INDEX; Schema: public; Owner: postgres
--

CREATE INDEX repertoire_adaptation_musical_parts_id_ce675c66 ON public.repertoire_adaptation USING btree (musical_parts_id);


--
-- Name: repertoire_adaptation_original_id_f2044513; Type: INDEX; Schema: public; Owner: postgres
--

CREATE INDEX repertoire_adaptation_original_id_f2044513 ON public.repertoire_adaptation USING btree (original_id);


--
-- Name: repertoire_author_genres_author_id_6f92fd3c; Type: INDEX; Schema: public; Owner: postgres
--

CREATE INDEX repertoire_author_genres_author_id_6f92fd3c ON public.repertoire_author_genres USING btree (author_id);


--
-- Name: repertoire_author_genres_author_id_6f92fd3c_like; Type: INDEX; Schema: public; Owner: postgres
--

CREATE INDEX repertoire_author_genres_author_id_6f92fd3c_like ON public.repertoire_author_genres USING btree (author_id varchar_pattern_ops);


--
-- Name: repertoire_author_genres_genre_id_833f8875; Type: INDEX; Schema: public; Owner: postgres
--

CREATE INDEX repertoire_author_genres_genre_id_833f8875 ON public.repertoire_author_genres USING btree (genre_id);


--
-- Name: repertoire_author_genres_genre_id_833f8875_like; Type: INDEX; Schema: public; Owner: postgres
--

CREATE INDEX repertoire_author_genres_genre_id_833f8875_like ON public.repertoire_author_genres USING btree (genre_id varchar_pattern_ops);


--
-- Name: repertoire_author_name_f11c6da2_like; Type: INDEX; Schema: public; Owner: postgres
--

CREATE INDEX repertoire_author_name_f11c6da2_like ON public.repertoire_author USING btree (name varchar_pattern_ops);


--
-- Name: repertoire_composition_author_id_940a403f; Type: INDEX; Schema: public; Owner: postgres
--

CREATE INDEX repertoire_composition_author_id_940a403f ON public.repertoire_composition USING btree (author_id);


--
-- Name: repertoire_composition_author_id_940a403f_like; Type: INDEX; Schema: public; Owner: postgres
--

CREATE INDEX repertoire_composition_author_id_940a403f_like ON public.repertoire_composition USING btree (author_id varchar_pattern_ops);


--
-- Name: repertoire_composition_genres_composition_id_803131a9; Type: INDEX; Schema: public; Owner: postgres
--

CREATE INDEX repertoire_composition_genres_composition_id_803131a9 ON public.repertoire_composition_genres USING btree (composition_id);


--
-- Name: repertoire_composition_genres_genre_id_701a1095; Type: INDEX; Schema: public; Owner: postgres
--

CREATE INDEX repertoire_composition_genres_genre_id_701a1095 ON public.repertoire_composition_genres USING btree (genre_id);


--
-- Name: repertoire_composition_genres_genre_id_701a1095_like; Type: INDEX; Schema: public; Owner: postgres
--

CREATE INDEX repertoire_composition_genres_genre_id_701a1095_like ON public.repertoire_composition_genres USING btree (genre_id varchar_pattern_ops);


--
-- Name: repertoire_genre_name_2adc5bab_like; Type: INDEX; Schema: public; Owner: postgres
--

CREATE INDEX repertoire_genre_name_2adc5bab_like ON public.repertoire_genre USING btree (name varchar_pattern_ops);


--
-- Name: repertoire_original_genres_genre_id_611fdf23; Type: INDEX; Schema: public; Owner: postgres
--

CREATE INDEX repertoire_original_genres_genre_id_611fdf23 ON public.repertoire_original_genres USING btree (genre_id);


--
-- Name: repertoire_original_genres_genre_id_611fdf23_like; Type: INDEX; Schema: public; Owner: postgres
--

CREATE INDEX repertoire_original_genres_genre_id_611fdf23_like ON public.repertoire_original_genres USING btree (genre_id varchar_pattern_ops);


--
-- Name: repertoire_original_genres_original_id_6b850aa2; Type: INDEX; Schema: public; Owner: postgres
--

CREATE INDEX repertoire_original_genres_original_id_6b850aa2 ON public.repertoire_original_genres USING btree (original_id);


--
-- Name: schedule_rehearsal_music_band_id_a7ed7d4e; Type: INDEX; Schema: public; Owner: postgres
--

CREATE INDEX schedule_rehearsal_music_band_id_a7ed7d4e ON public.schedule_rehearsal USING btree (music_band_id);


--
-- Name: schedule_rehearsal_music_band_id_a7ed7d4e_like; Type: INDEX; Schema: public; Owner: postgres
--

CREATE INDEX schedule_rehearsal_music_band_id_a7ed7d4e_like ON public.schedule_rehearsal USING btree (music_band_id varchar_pattern_ops);


--
-- Name: schedule_rehearsal_participants_customuser_id_aa949b59; Type: INDEX; Schema: public; Owner: postgres
--

CREATE INDEX schedule_rehearsal_participants_customuser_id_aa949b59 ON public.schedule_rehearsal_participants USING btree (customuser_id);


--
-- Name: schedule_rehearsal_participants_rehearsal_id_a15d9596; Type: INDEX; Schema: public; Owner: postgres
--

CREATE INDEX schedule_rehearsal_participants_rehearsal_id_a15d9596 ON public.schedule_rehearsal_participants USING btree (rehearsal_id);


--
-- Name: app_auth_customuser_groups app_auth_customuser__customuser_id_570ea1c2_fk_app_auth_; Type: FK CONSTRAINT; Schema: public; Owner: postgres
--

ALTER TABLE ONLY public.app_auth_customuser_groups
    ADD CONSTRAINT app_auth_customuser__customuser_id_570ea1c2_fk_app_auth_ FOREIGN KEY (customuser_id) REFERENCES public.app_auth_customuser(id) DEFERRABLE INITIALLY DEFERRED;


--
-- Name: app_auth_customuser_user_permissions app_auth_customuser__customuser_id_9ef95427_fk_app_auth_; Type: FK CONSTRAINT; Schema: public; Owner: postgres
--

ALTER TABLE ONLY public.app_auth_customuser_user_permissions
    ADD CONSTRAINT app_auth_customuser__customuser_id_9ef95427_fk_app_auth_ FOREIGN KEY (customuser_id) REFERENCES public.app_auth_customuser(id) DEFERRABLE INITIALLY DEFERRED;


--
-- Name: app_auth_customuser_skills app_auth_customuser__customuser_id_9f06e7a2_fk_app_auth_; Type: FK CONSTRAINT; Schema: public; Owner: postgres
--

ALTER TABLE ONLY public.app_auth_customuser_skills
    ADD CONSTRAINT app_auth_customuser__customuser_id_9f06e7a2_fk_app_auth_ FOREIGN KEY (customuser_id) REFERENCES public.app_auth_customuser(id) DEFERRABLE INITIALLY DEFERRED;


--
-- Name: app_auth_customuser_user_permissions app_auth_customuser__permission_id_2e8dd7cb_fk_auth_perm; Type: FK CONSTRAINT; Schema: public; Owner: postgres
--

ALTER TABLE ONLY public.app_auth_customuser_user_permissions
    ADD CONSTRAINT app_auth_customuser__permission_id_2e8dd7cb_fk_auth_perm FOREIGN KEY (permission_id) REFERENCES public.auth_permission(id) DEFERRABLE INITIALLY DEFERRED;


--
-- Name: app_auth_customuser_skills app_auth_customuser__skills_id_2e8a6fb4_fk_home_skil; Type: FK CONSTRAINT; Schema: public; Owner: postgres
--

ALTER TABLE ONLY public.app_auth_customuser_skills
    ADD CONSTRAINT app_auth_customuser__skills_id_2e8a6fb4_fk_home_skil FOREIGN KEY (skills_id) REFERENCES public.home_skills(name) DEFERRABLE INITIALLY DEFERRED;


--
-- Name: app_auth_customuser_groups app_auth_customuser_groups_group_id_979de097_fk_auth_group_id; Type: FK CONSTRAINT; Schema: public; Owner: postgres
--

ALTER TABLE ONLY public.app_auth_customuser_groups
    ADD CONSTRAINT app_auth_customuser_groups_group_id_979de097_fk_auth_group_id FOREIGN KEY (group_id) REFERENCES public.auth_group(id) DEFERRABLE INITIALLY DEFERRED;


--
-- Name: app_auth_customuser app_auth_customuser_photo_id_97a25ff6_fk_filer_ima; Type: FK CONSTRAINT; Schema: public; Owner: postgres
--

ALTER TABLE ONLY public.app_auth_customuser
    ADD CONSTRAINT app_auth_customuser_photo_id_97a25ff6_fk_filer_ima FOREIGN KEY (photo_id) REFERENCES public.filer_image(file_ptr_id) DEFERRABLE INITIALLY DEFERRED;


--
-- Name: auth_group_permissions auth_group_permissio_permission_id_84c5c92e_fk_auth_perm; Type: FK CONSTRAINT; Schema: public; Owner: postgres
--

ALTER TABLE ONLY public.auth_group_permissions
    ADD CONSTRAINT auth_group_permissio_permission_id_84c5c92e_fk_auth_perm FOREIGN KEY (permission_id) REFERENCES public.auth_permission(id) DEFERRABLE INITIALLY DEFERRED;


--
-- Name: auth_group_permissions auth_group_permissions_group_id_b120cbf9_fk_auth_group_id; Type: FK CONSTRAINT; Schema: public; Owner: postgres
--

ALTER TABLE ONLY public.auth_group_permissions
    ADD CONSTRAINT auth_group_permissions_group_id_b120cbf9_fk_auth_group_id FOREIGN KEY (group_id) REFERENCES public.auth_group(id) DEFERRABLE INITIALLY DEFERRED;


--
-- Name: auth_permission auth_permission_content_type_id_2f476e4b_fk_django_co; Type: FK CONSTRAINT; Schema: public; Owner: postgres
--

ALTER TABLE ONLY public.auth_permission
    ADD CONSTRAINT auth_permission_content_type_id_2f476e4b_fk_django_co FOREIGN KEY (content_type_id) REFERENCES public.django_content_type(id) DEFERRABLE INITIALLY DEFERRED;


--
-- Name: auth_user_groups auth_user_groups_group_id_97559544_fk_auth_group_id; Type: FK CONSTRAINT; Schema: public; Owner: postgres
--

ALTER TABLE ONLY public.auth_user_groups
    ADD CONSTRAINT auth_user_groups_group_id_97559544_fk_auth_group_id FOREIGN KEY (group_id) REFERENCES public.auth_group(id) DEFERRABLE INITIALLY DEFERRED;


--
-- Name: auth_user_groups auth_user_groups_user_id_6a12ed8b_fk_auth_user_id; Type: FK CONSTRAINT; Schema: public; Owner: postgres
--

ALTER TABLE ONLY public.auth_user_groups
    ADD CONSTRAINT auth_user_groups_user_id_6a12ed8b_fk_auth_user_id FOREIGN KEY (user_id) REFERENCES public.auth_user(id) DEFERRABLE INITIALLY DEFERRED;


--
-- Name: auth_user_user_permissions auth_user_user_permi_permission_id_1fbb5f2c_fk_auth_perm; Type: FK CONSTRAINT; Schema: public; Owner: postgres
--

ALTER TABLE ONLY public.auth_user_user_permissions
    ADD CONSTRAINT auth_user_user_permi_permission_id_1fbb5f2c_fk_auth_perm FOREIGN KEY (permission_id) REFERENCES public.auth_permission(id) DEFERRABLE INITIALLY DEFERRED;


--
-- Name: auth_user_user_permissions auth_user_user_permissions_user_id_a95ead1b_fk_auth_user_id; Type: FK CONSTRAINT; Schema: public; Owner: postgres
--

ALTER TABLE ONLY public.auth_user_user_permissions
    ADD CONSTRAINT auth_user_user_permissions_user_id_a95ead1b_fk_auth_user_id FOREIGN KEY (user_id) REFERENCES public.auth_user(id) DEFERRABLE INITIALLY DEFERRED;


--
-- Name: band_musicband_deputy band_musicband_deput_customuser_id_e2e4bdf8_fk_app_auth_; Type: FK CONSTRAINT; Schema: public; Owner: postgres
--

ALTER TABLE ONLY public.band_musicband_deputy
    ADD CONSTRAINT band_musicband_deput_customuser_id_e2e4bdf8_fk_app_auth_ FOREIGN KEY (customuser_id) REFERENCES public.app_auth_customuser(id) DEFERRABLE INITIALLY DEFERRED;


--
-- Name: band_musicband_deputy band_musicband_deput_musicband_id_c2b2e1a2_fk_band_musi; Type: FK CONSTRAINT; Schema: public; Owner: postgres
--

ALTER TABLE ONLY public.band_musicband_deputy
    ADD CONSTRAINT band_musicband_deput_musicband_id_c2b2e1a2_fk_band_musi FOREIGN KEY (musicband_id) REFERENCES public.band_musicband(name) DEFERRABLE INITIALLY DEFERRED;


--
-- Name: band_musicband band_musicband_leader_id_6538aa9a_fk_app_auth_customuser_id; Type: FK CONSTRAINT; Schema: public; Owner: postgres
--

ALTER TABLE ONLY public.band_musicband
    ADD CONSTRAINT band_musicband_leader_id_6538aa9a_fk_app_auth_customuser_id FOREIGN KEY (leader_id) REFERENCES public.app_auth_customuser(id) DEFERRABLE INITIALLY DEFERRED;


--
-- Name: band_musicband_members band_musicband_membe_customuser_id_dd3a49df_fk_app_auth_; Type: FK CONSTRAINT; Schema: public; Owner: postgres
--

ALTER TABLE ONLY public.band_musicband_members
    ADD CONSTRAINT band_musicband_membe_customuser_id_dd3a49df_fk_app_auth_ FOREIGN KEY (customuser_id) REFERENCES public.app_auth_customuser(id) DEFERRABLE INITIALLY DEFERRED;


--
-- Name: band_musicband_members band_musicband_membe_musicband_id_eab353b3_fk_band_musi; Type: FK CONSTRAINT; Schema: public; Owner: postgres
--

ALTER TABLE ONLY public.band_musicband_members
    ADD CONSTRAINT band_musicband_membe_musicband_id_eab353b3_fk_band_musi FOREIGN KEY (musicband_id) REFERENCES public.band_musicband(name) DEFERRABLE INITIALLY DEFERRED;


--
-- Name: django_admin_log django_admin_log_content_type_id_c4bce8eb_fk_django_co; Type: FK CONSTRAINT; Schema: public; Owner: postgres
--

ALTER TABLE ONLY public.django_admin_log
    ADD CONSTRAINT django_admin_log_content_type_id_c4bce8eb_fk_django_co FOREIGN KEY (content_type_id) REFERENCES public.django_content_type(id) DEFERRABLE INITIALLY DEFERRED;


--
-- Name: django_admin_log django_admin_log_user_id_c564eba6_fk_auth_user_id; Type: FK CONSTRAINT; Schema: public; Owner: postgres
--

ALTER TABLE ONLY public.django_admin_log
    ADD CONSTRAINT django_admin_log_user_id_c564eba6_fk_auth_user_id FOREIGN KEY (user_id) REFERENCES public.auth_user(id) DEFERRABLE INITIALLY DEFERRED;


--
-- Name: easy_thumbnails_thumbnail easy_thumbnails_thum_source_id_5b57bc77_fk_easy_thum; Type: FK CONSTRAINT; Schema: public; Owner: postgres
--

ALTER TABLE ONLY public.easy_thumbnails_thumbnail
    ADD CONSTRAINT easy_thumbnails_thum_source_id_5b57bc77_fk_easy_thum FOREIGN KEY (source_id) REFERENCES public.easy_thumbnails_source(id) DEFERRABLE INITIALLY DEFERRED;


--
-- Name: easy_thumbnails_thumbnaildimensions easy_thumbnails_thum_thumbnail_id_c3a0c549_fk_easy_thum; Type: FK CONSTRAINT; Schema: public; Owner: postgres
--

ALTER TABLE ONLY public.easy_thumbnails_thumbnaildimensions
    ADD CONSTRAINT easy_thumbnails_thum_thumbnail_id_c3a0c549_fk_easy_thum FOREIGN KEY (thumbnail_id) REFERENCES public.easy_thumbnails_thumbnail(id) DEFERRABLE INITIALLY DEFERRED;


--
-- Name: equipment_equipment equipment_equipment_music_band_id_4968db54_fk_band_musi; Type: FK CONSTRAINT; Schema: public; Owner: postgres
--

ALTER TABLE ONLY public.equipment_equipment
    ADD CONSTRAINT equipment_equipment_music_band_id_4968db54_fk_band_musi FOREIGN KEY (music_band_id) REFERENCES public.band_musicband(name) DEFERRABLE INITIALLY DEFERRED;


--
-- Name: equipment_equipment equipment_equipment_owner_id_ac1c6866_fk_app_auth_customuser_id; Type: FK CONSTRAINT; Schema: public; Owner: postgres
--

ALTER TABLE ONLY public.equipment_equipment
    ADD CONSTRAINT equipment_equipment_owner_id_ac1c6866_fk_app_auth_customuser_id FOREIGN KEY (owner_id) REFERENCES public.app_auth_customuser(id) DEFERRABLE INITIALLY DEFERRED;


--
-- Name: event_performance_artists event_performance_ar_customuser_id_22deeef3_fk_app_auth_; Type: FK CONSTRAINT; Schema: public; Owner: postgres
--

ALTER TABLE ONLY public.event_performance_artists
    ADD CONSTRAINT event_performance_ar_customuser_id_22deeef3_fk_app_auth_ FOREIGN KEY (customuser_id) REFERENCES public.app_auth_customuser(id) DEFERRABLE INITIALLY DEFERRED;


--
-- Name: event_performance_artists event_performance_ar_performance_id_0855be5e_fk_event_per; Type: FK CONSTRAINT; Schema: public; Owner: postgres
--

ALTER TABLE ONLY public.event_performance_artists
    ADD CONSTRAINT event_performance_ar_performance_id_0855be5e_fk_event_per FOREIGN KEY (performance_id) REFERENCES public.event_performance(id) DEFERRABLE INITIALLY DEFERRED;


--
-- Name: event_performance event_performance_composition_id_17bfe1b3_fk_repertoir; Type: FK CONSTRAINT; Schema: public; Owner: postgres
--

ALTER TABLE ONLY public.event_performance
    ADD CONSTRAINT event_performance_composition_id_17bfe1b3_fk_repertoir FOREIGN KEY (composition_id) REFERENCES public.repertoire_adaptation(id) DEFERRABLE INITIALLY DEFERRED;


--
-- Name: event_performance event_performance_event_id_d2e599d5_fk_event_event_id; Type: FK CONSTRAINT; Schema: public; Owner: postgres
--

ALTER TABLE ONLY public.event_performance
    ADD CONSTRAINT event_performance_event_id_d2e599d5_fk_event_event_id FOREIGN KEY (event_id) REFERENCES public.event_event(id) DEFERRABLE INITIALLY DEFERRED;


--
-- Name: event_performance event_performance_music_band_id_becb7558_fk_band_musicband_name; Type: FK CONSTRAINT; Schema: public; Owner: postgres
--

ALTER TABLE ONLY public.event_performance
    ADD CONSTRAINT event_performance_music_band_id_becb7558_fk_band_musicband_name FOREIGN KEY (music_band_id) REFERENCES public.band_musicband(name) DEFERRABLE INITIALLY DEFERRED;


--
-- Name: filer_clipboard filer_clipboard_user_id_b52ff0bc_fk_auth_user_id; Type: FK CONSTRAINT; Schema: public; Owner: postgres
--

ALTER TABLE ONLY public.filer_clipboard
    ADD CONSTRAINT filer_clipboard_user_id_b52ff0bc_fk_auth_user_id FOREIGN KEY (user_id) REFERENCES public.auth_user(id) DEFERRABLE INITIALLY DEFERRED;


--
-- Name: filer_clipboarditem filer_clipboarditem_clipboard_id_7a76518b_fk_filer_clipboard_id; Type: FK CONSTRAINT; Schema: public; Owner: postgres
--

ALTER TABLE ONLY public.filer_clipboarditem
    ADD CONSTRAINT filer_clipboarditem_clipboard_id_7a76518b_fk_filer_clipboard_id FOREIGN KEY (clipboard_id) REFERENCES public.filer_clipboard(id) DEFERRABLE INITIALLY DEFERRED;


--
-- Name: filer_clipboarditem filer_clipboarditem_file_id_06196f80_fk_filer_file_id; Type: FK CONSTRAINT; Schema: public; Owner: postgres
--

ALTER TABLE ONLY public.filer_clipboarditem
    ADD CONSTRAINT filer_clipboarditem_file_id_06196f80_fk_filer_file_id FOREIGN KEY (file_id) REFERENCES public.filer_file(id) DEFERRABLE INITIALLY DEFERRED;


--
-- Name: filer_file filer_file_folder_id_af803bbb_fk_filer_folder_id; Type: FK CONSTRAINT; Schema: public; Owner: postgres
--

ALTER TABLE ONLY public.filer_file
    ADD CONSTRAINT filer_file_folder_id_af803bbb_fk_filer_folder_id FOREIGN KEY (folder_id) REFERENCES public.filer_folder(id) DEFERRABLE INITIALLY DEFERRED;


--
-- Name: filer_file filer_file_owner_id_b9e32671_fk_auth_user_id; Type: FK CONSTRAINT; Schema: public; Owner: postgres
--

ALTER TABLE ONLY public.filer_file
    ADD CONSTRAINT filer_file_owner_id_b9e32671_fk_auth_user_id FOREIGN KEY (owner_id) REFERENCES public.auth_user(id) DEFERRABLE INITIALLY DEFERRED;


--
-- Name: filer_file filer_file_polymorphic_ctype_id_f44903c1_fk_django_co; Type: FK CONSTRAINT; Schema: public; Owner: postgres
--

ALTER TABLE ONLY public.filer_file
    ADD CONSTRAINT filer_file_polymorphic_ctype_id_f44903c1_fk_django_co FOREIGN KEY (polymorphic_ctype_id) REFERENCES public.django_content_type(id) DEFERRABLE INITIALLY DEFERRED;


--
-- Name: filer_folder filer_folder_owner_id_be530fb4_fk_auth_user_id; Type: FK CONSTRAINT; Schema: public; Owner: postgres
--

ALTER TABLE ONLY public.filer_folder
    ADD CONSTRAINT filer_folder_owner_id_be530fb4_fk_auth_user_id FOREIGN KEY (owner_id) REFERENCES public.auth_user(id) DEFERRABLE INITIALLY DEFERRED;


--
-- Name: filer_folder filer_folder_parent_id_308aecda_fk_filer_folder_id; Type: FK CONSTRAINT; Schema: public; Owner: postgres
--

ALTER TABLE ONLY public.filer_folder
    ADD CONSTRAINT filer_folder_parent_id_308aecda_fk_filer_folder_id FOREIGN KEY (parent_id) REFERENCES public.filer_folder(id) DEFERRABLE INITIALLY DEFERRED;


--
-- Name: filer_folderpermission filer_folderpermission_folder_id_5d02f1da_fk_filer_folder_id; Type: FK CONSTRAINT; Schema: public; Owner: postgres
--

ALTER TABLE ONLY public.filer_folderpermission
    ADD CONSTRAINT filer_folderpermission_folder_id_5d02f1da_fk_filer_folder_id FOREIGN KEY (folder_id) REFERENCES public.filer_folder(id) DEFERRABLE INITIALLY DEFERRED;


--
-- Name: filer_folderpermission filer_folderpermission_group_id_8901bafa_fk_auth_group_id; Type: FK CONSTRAINT; Schema: public; Owner: postgres
--

ALTER TABLE ONLY public.filer_folderpermission
    ADD CONSTRAINT filer_folderpermission_group_id_8901bafa_fk_auth_group_id FOREIGN KEY (group_id) REFERENCES public.auth_group(id) DEFERRABLE INITIALLY DEFERRED;


--
-- Name: filer_folderpermission filer_folderpermission_user_id_7673d4b6_fk_auth_user_id; Type: FK CONSTRAINT; Schema: public; Owner: postgres
--

ALTER TABLE ONLY public.filer_folderpermission
    ADD CONSTRAINT filer_folderpermission_user_id_7673d4b6_fk_auth_user_id FOREIGN KEY (user_id) REFERENCES public.auth_user(id) DEFERRABLE INITIALLY DEFERRED;


--
-- Name: filer_image filer_image_file_ptr_id_3e21d4f0_fk_filer_file_id; Type: FK CONSTRAINT; Schema: public; Owner: postgres
--

ALTER TABLE ONLY public.filer_image
    ADD CONSTRAINT filer_image_file_ptr_id_3e21d4f0_fk_filer_file_id FOREIGN KEY (file_ptr_id) REFERENCES public.filer_file(id) DEFERRABLE INITIALLY DEFERRED;


--
-- Name: repertoire_adaptation_genres repertoire_adaptatio_adaptation_id_ec10daad_fk_repertoir; Type: FK CONSTRAINT; Schema: public; Owner: postgres
--

ALTER TABLE ONLY public.repertoire_adaptation_genres
    ADD CONSTRAINT repertoire_adaptatio_adaptation_id_ec10daad_fk_repertoir FOREIGN KEY (adaptation_id) REFERENCES public.repertoire_adaptation(id) DEFERRABLE INITIALLY DEFERRED;


--
-- Name: repertoire_adaptation_genres repertoire_adaptatio_genre_id_eaa176df_fk_repertoir; Type: FK CONSTRAINT; Schema: public; Owner: postgres
--

ALTER TABLE ONLY public.repertoire_adaptation_genres
    ADD CONSTRAINT repertoire_adaptatio_genre_id_eaa176df_fk_repertoir FOREIGN KEY (genre_id) REFERENCES public.repertoire_genre(name) DEFERRABLE INITIALLY DEFERRED;


--
-- Name: repertoire_adaptation repertoire_adaptatio_music_band_id_675e0902_fk_band_musi; Type: FK CONSTRAINT; Schema: public; Owner: postgres
--

ALTER TABLE ONLY public.repertoire_adaptation
    ADD CONSTRAINT repertoire_adaptatio_music_band_id_675e0902_fk_band_musi FOREIGN KEY (music_band_id) REFERENCES public.band_musicband(name) DEFERRABLE INITIALLY DEFERRED;


--
-- Name: repertoire_adaptation repertoire_adaptatio_musical_parts_id_ce675c66_fk_filer_fil; Type: FK CONSTRAINT; Schema: public; Owner: postgres
--

ALTER TABLE ONLY public.repertoire_adaptation
    ADD CONSTRAINT repertoire_adaptatio_musical_parts_id_ce675c66_fk_filer_fil FOREIGN KEY (musical_parts_id) REFERENCES public.filer_file(id) DEFERRABLE INITIALLY DEFERRED;


--
-- Name: repertoire_adaptation repertoire_adaptatio_original_id_f2044513_fk_repertoir; Type: FK CONSTRAINT; Schema: public; Owner: postgres
--

ALTER TABLE ONLY public.repertoire_adaptation
    ADD CONSTRAINT repertoire_adaptatio_original_id_f2044513_fk_repertoir FOREIGN KEY (original_id) REFERENCES public.repertoire_original(id) DEFERRABLE INITIALLY DEFERRED;


--
-- Name: repertoire_adaptation repertoire_adaptation_file_id_f7d71490_fk_filer_file_id; Type: FK CONSTRAINT; Schema: public; Owner: postgres
--

ALTER TABLE ONLY public.repertoire_adaptation
    ADD CONSTRAINT repertoire_adaptation_file_id_f7d71490_fk_filer_file_id FOREIGN KEY (file_id) REFERENCES public.filer_file(id) DEFERRABLE INITIALLY DEFERRED;


--
-- Name: repertoire_author_genres repertoire_author_ge_author_id_6f92fd3c_fk_repertoir; Type: FK CONSTRAINT; Schema: public; Owner: postgres
--

ALTER TABLE ONLY public.repertoire_author_genres
    ADD CONSTRAINT repertoire_author_ge_author_id_6f92fd3c_fk_repertoir FOREIGN KEY (author_id) REFERENCES public.repertoire_author(name) DEFERRABLE INITIALLY DEFERRED;


--
-- Name: repertoire_author_genres repertoire_author_ge_genre_id_833f8875_fk_repertoir; Type: FK CONSTRAINT; Schema: public; Owner: postgres
--

ALTER TABLE ONLY public.repertoire_author_genres
    ADD CONSTRAINT repertoire_author_ge_genre_id_833f8875_fk_repertoir FOREIGN KEY (genre_id) REFERENCES public.repertoire_genre(name) DEFERRABLE INITIALLY DEFERRED;


--
-- Name: repertoire_composition repertoire_compositi_author_id_940a403f_fk_repertoir; Type: FK CONSTRAINT; Schema: public; Owner: postgres
--

ALTER TABLE ONLY public.repertoire_composition
    ADD CONSTRAINT repertoire_compositi_author_id_940a403f_fk_repertoir FOREIGN KEY (author_id) REFERENCES public.repertoire_author(name) DEFERRABLE INITIALLY DEFERRED;


--
-- Name: repertoire_composition_genres repertoire_compositi_composition_id_803131a9_fk_repertoir; Type: FK CONSTRAINT; Schema: public; Owner: postgres
--

ALTER TABLE ONLY public.repertoire_composition_genres
    ADD CONSTRAINT repertoire_compositi_composition_id_803131a9_fk_repertoir FOREIGN KEY (composition_id) REFERENCES public.repertoire_composition(id) DEFERRABLE INITIALLY DEFERRED;


--
-- Name: repertoire_composition_genres repertoire_compositi_genre_id_701a1095_fk_repertoir; Type: FK CONSTRAINT; Schema: public; Owner: postgres
--

ALTER TABLE ONLY public.repertoire_composition_genres
    ADD CONSTRAINT repertoire_compositi_genre_id_701a1095_fk_repertoir FOREIGN KEY (genre_id) REFERENCES public.repertoire_genre(name) DEFERRABLE INITIALLY DEFERRED;


--
-- Name: repertoire_original_genres repertoire_original__genre_id_611fdf23_fk_repertoir; Type: FK CONSTRAINT; Schema: public; Owner: postgres
--

ALTER TABLE ONLY public.repertoire_original_genres
    ADD CONSTRAINT repertoire_original__genre_id_611fdf23_fk_repertoir FOREIGN KEY (genre_id) REFERENCES public.repertoire_genre(name) DEFERRABLE INITIALLY DEFERRED;


--
-- Name: repertoire_original_genres repertoire_original__original_id_6b850aa2_fk_repertoir; Type: FK CONSTRAINT; Schema: public; Owner: postgres
--

ALTER TABLE ONLY public.repertoire_original_genres
    ADD CONSTRAINT repertoire_original__original_id_6b850aa2_fk_repertoir FOREIGN KEY (original_id) REFERENCES public.repertoire_original(id) DEFERRABLE INITIALLY DEFERRED;


--
-- Name: schedule_rehearsal schedule_rehearsal_music_band_id_a7ed7d4e_fk_band_musi; Type: FK CONSTRAINT; Schema: public; Owner: postgres
--

ALTER TABLE ONLY public.schedule_rehearsal
    ADD CONSTRAINT schedule_rehearsal_music_band_id_a7ed7d4e_fk_band_musi FOREIGN KEY (music_band_id) REFERENCES public.band_musicband(name) DEFERRABLE INITIALLY DEFERRED;


--
-- Name: schedule_rehearsal_participants schedule_rehearsal_p_customuser_id_aa949b59_fk_app_auth_; Type: FK CONSTRAINT; Schema: public; Owner: postgres
--

ALTER TABLE ONLY public.schedule_rehearsal_participants
    ADD CONSTRAINT schedule_rehearsal_p_customuser_id_aa949b59_fk_app_auth_ FOREIGN KEY (customuser_id) REFERENCES public.app_auth_customuser(id) DEFERRABLE INITIALLY DEFERRED;


--
-- Name: schedule_rehearsal_participants schedule_rehearsal_p_rehearsal_id_a15d9596_fk_schedule_; Type: FK CONSTRAINT; Schema: public; Owner: postgres
--

ALTER TABLE ONLY public.schedule_rehearsal_participants
    ADD CONSTRAINT schedule_rehearsal_p_rehearsal_id_a15d9596_fk_schedule_ FOREIGN KEY (rehearsal_id) REFERENCES public.schedule_rehearsal(id) DEFERRABLE INITIALLY DEFERRED;


--
-- PostgreSQL database dump complete
--

